ATIVO;DESC ATIVO;COMPONENTE;PROJETO;MDO;CODIGO;DESC CODIGO;FATOR I;FATOR R;FILTRO
DT9/150;POSTE CONCRETO DUPLO T 9X 150;9150;RONDONIA;MAO-DE-OBRA;1015;Poste Limpo (sem mat. ou equip.) 12 >=P<= 600;1.0;1.0;
;POSTE CONCRETO DUPLO T 9X 150;9150;RONDONIA;MATERIAL;22758;POSTE CONCRETO DUPLO T 9X 150;1.0;1.0;
DT9/200;POSTE CONCRETO DUPLO T 9X 200;9200;RONDONIA;MAO-DE-OBRA;1015;Poste Limpo (sem mat. ou equip.) 12 >=P<= 600;1.0;1.0;
;POSTE CONCRETO DUPLO T 9X 200;9200;RONDONIA;MATERIAL;8686;POSTE CONCRETO DUPLO T 9X 200;1.0;1.0;
DT9/400;POSTE CONCRETO DUPLO T 9X 400;9400;RONDONIA;MAO-DE-OBRA;1015;Poste Limpo (sem mat. ou equip.) 12 >=P<= 600;1.0;1.0;
;POSTE CONCRETO DUPLO T 9X 400;9400;RONDONIA;MATERIAL;8688;POSTE CONCRETO DUPLO T 9X 400;1.0;1.0;
DT9/600;POSTE CONCRETO DUPLO T 9/600;9600;RONDONIA;MAO-DE-OBRA;1015;POSTE CONCRETO DUPLO T 9/600;1.0;1.0;
;POSTE CONCRETO DUPLO T 9/600;9600;RONDONIA;MATERIAL;90663;POSTE CONCRETO DUPLO T 9/600;1.0;1.0;
DT9/800;DT 9/800 F.P.;9800;RONDONIA;MAO-DE-OBRA;1016;POSTE DUPLO T CONCR 9M 800DAN 310X410MM 130X168MM;1.0;1.0;
;DT 9/800 F.P.;9800;RONDONIA;MATERIAL;628029;POSTE DUPLO T CONCR 9M 800DAN 310X410MM 130X168MM;1.0;1.0;
DT10/150;DT 10/150;10150;RONDONIA;MAO-DE-OBRA;1015;DT 10/150;1.0;1.0;
;DT 10/150;10150;RONDONIA;MATERIAL;90193;POSTE DISTR CONCR DT 10M 150DAN 200X280MM 100X120MM CL2;1.0;1.0;
DT11/200;POSTE DT 11/200 A RETIRAR;11200;RONDONIA;MAO-DE-OBRA;1015;Poste Limpo (sem mat. ou equip.) 12 >=P<= 600;1.0;1.0;
;POSTE DT 11/200 A RETIRAR;11200;RONDONIA;MATERIAL;8697;POSTE DE CONCRETO DT 11/200;1.0;1.0;
DT11/300;POSTE DUPLO T 11/300;11300;RONDONIA;MAO-DE-OBRA;1015;Poste Limpo (sem mat. ou equip.) 12 >=P<= 600;1.0;1.0;
;POSTE DUPLO T 11/300;11300;RONDONIA;MATERIAL;90198;POSTE DISTR CONCR DT 11M 300DAN 330X448MM 110X140MM CL2;1.0;1.0;
DT11/400;POSTE DUPLO T 11/400;11400;RONDONIA;MAO-DE-OBRA;1015;Poste Limpo (sem mat. ou equip.) 12 >=P<= 600;1.0;1.0;
;POSTE DUPLO T 11/400;11400;RONDONIA;MATERIAL;8687;POSTE CONCRETO DUPLO T 11X 400;1.0;1.0;
DT11/600;POSTE DUPLO T 11/600;11600;RONDONIA;MAO-DE-OBRA;1015;Poste Limpo (sem mat. ou equip.) 12 >=P<= 600;1.0;1.0;
;POSTE DUPLO T 11/600;11600;RONDONIA;MATERIAL;90199;POSTE DISTR CONCR DT 11M 600DAN 330X448MM 110X140MM CL2;1.0;1.0;
DT11/800;POSTE DE CONCRETO DT 11/800;11800;RONDONIA;MAO-DE-OBRA;1016;POSTE DE CONCRETO DT 11/800;1.0;1.0;
;POSTE DE CONCRETO DT 11/800;11800;RONDONIA;MATERIAL;22087;POSTE DE CONCRETO DT 11/800;1.0;1.0;
DT12/200;POSTE DT CONCR TIPO D 12M 200DAN;12200;RONDONIA;MAO-DE-OBRA;1015;Poste Limpo (sem mat. ou equip.) 12 >=P<= 600;1.0;1.0;
;POSTE DT CONCR TIPO D 12M 200DAN;12200;RONDONIA;MATERIAL;4036;POSTE DT CONCR TIPO D 12M 200DAN;1.0;1.0;
DT12/400;POSTE CONCRETO DUPLO T 12X 400;12400;RONDONIA;MAO-DE-OBRA;1015;Poste Limpo (sem mat. ou equip.) 12 >=P<= 600;1.0;1.0;
;POSTE CONCRETO DUPLO T 12X 400;12400;RONDONIA;MATERIAL;8836;POSTE CONCRETO DUPLO T 12X 400;1.0;1.0;
DT12/600;POSTE DUPLO T 12/600;12600;RONDONIA;MAO-DE-OBRA;1015;Poste Limpo (sem mat. ou equip.) 12 >=P<= 600;1.0;1.0;
;POSTE DUPLO T 12/600;12600;RONDONIA;MATERIAL;90203;POSTE DISTR CONCR DT 12M 600DAN 350X476MM 110X140MM CL2;1.0;1.0;
DT12/800;DT 12/800;12800;RONDONIA;MAO-DE-OBRA;1016;POSTE DUPLO T CONCR 12M 800DAN 370X504MM 130X168MM;1.0;1.0;
;DT 12/800;12800;RONDONIA;MATERIAL;22803;POSTE DUPLO T CONCR 12M 800DAN 370X504MM 130X168MM;1.0;1.0;
DT13/400;DT 13/400 F.P.;13400;RONDONIA;MAO-DE-OBRA;1017;POSTE DT CONCR TIPO B 13M 400DAN;1.0;1.0;
;DT 13/400 F.P.;13400;RONDONIA;MATERIAL;4134;POSTE DT CONCR TIPO B 13M 400DAN;1.0;1.0;
DT13/600;POSTE DUPLOT T 13/600;13600;RONDONIA;MAO-DE-OBRA;1017;Poste Limpo (sem mat. ou equip.) 12=600;1.0;1.0;
;POSTE DUPLOT T 13/600;13600;RONDONIA;MATERIAL;90206;POSTE DISTR CONCR DT 13M 600DAN 370X504MM 110X140MM CL2;1.0;1.0;
TR345M;TRANSF DISTR AER OMI 3F 13,8KV 220/127V 45KVA CL2 4TP;90054;RONDONIA;MATERIAL;90054;TRANSF DISTR AER OMI 3F 13,8KV 220/127V 45KVA CL2 4TP;1.0;1.0;
;TRANSF DISTR AER OMI 3F 34,5KV 220/127V 45KVA CL2 4TP;90082;RONDONIA;MATERIAL;90082;TRANSF DISTR AER OMI 3F 34,5KV 220/127V 45KVA CL2 4TP;1.0;1.0;
;PARA-RAIOS DISTR MT POLIM 12KV 10KA OX ZN S/CENT S/FERR;90210;RONDONIA;MATERIAL;90210;PARA-RAIOS DISTR MT POLIM 12KV 10KA OX ZN S/CENT S/FERR;1.0;1.0;
;PARA-RAIOS DISTR MT POLIM 30KV 10KA OX ZN S/CENT S/FERR;90212;RONDONIA;MATERIAL;90212;PARA-RAIOS DISTR MT POLIM 30KV 10KA OX ZN S/CENT S/FERR;1.0;1.0;
;ISOLADOR PILAR PORC 8KN 220MM 300MM 15,0KV PL8CC;90253;RONDONIA;MATERIAL;90253;ISOLADOR PILAR PORC 8KN 220MM 300MM 15,0KV PL8CC;1.0;1.0;
;ISOLADOR PINO POLIMERICO CINZA 15,0KV 280MM 25MM ANEL;90275;RONDONIA;MATERIAL;90275;ISOLADOR PINO POLIMERICO CINZA 15,0KV 280MM 25MM ANEL;1.0;1.0;
;ISOLADOR PINO POLIMERICO CINZA 36,2KV 530MM 35MM ANEL;90276;RONDONIA;MATERIAL;90276;ISOLADOR PINO POLIMERICO CINZA 36,2KV 530MM 35MM ANEL;1.0;1.0;
;ISOLADOR SUSP BASTAO POLIM 15.0KV 370MM 380MM 50KN GO;90277;RONDONIA;MATERIAL;90277;ISOLADOR SUSP BASTAO POLIM 15.0KV 370MM 380MM 50KN GO;1.0;1.0;
;ISOLADOR SUSP BASTAO POLIM 36.2KV 550MM 745MM 50KN GO;90279;RONDONIA;MATERIAL;90279;ISOLADOR SUSP BASTAO POLIM 36.2KV 550MM 745MM 50KN GO;1.0;1.0;
;PINO ISOLADOR CURTO ACO M16 190MM 15KV;90280;RONDONIA;MATERIAL;90280;PINO ISOLADOR CURTO ACO M16 190MM 15KV;1.0;1.0;
;PINO ISOLADOR CURTO ACO M16 229MM 35KV;90281;RONDONIA;MATERIAL;90281;PINO ISOLADOR CURTO ACO M16 229MM 35KV;1.0;1.0;
ALCACAZ;ALCA PREF CORD ACO-ZN 9,50MM 6X2.54MM 660MM LRJ;90302;RONDONIA;MATERIAL;90302;ALCA PREF CORD ACO-ZN 9,50MM 6X2.54MM 660MM LRJ;1.0;1.0;
;ALCA PREF SERV ACO-ZINC 3,90-4,30MM 345MM MRM;90303;RONDONIA;MATERIAL;90303;ALCA PREF SERV ACO-ZINC 3,90-4,30MM 345MM MRM;1.0;1.0;
ALCA50;GRAMPO ANCOR DIELETR 15,0KV 14,0-16,5MM 50MM2 400DAN;90449;RONDONIA;MATERIAL;90449;GRAMPO ANCOR DIELETR 15,0KV 14,0-16,5MM 50MM2 400DAN;1.0;1.0;
ALCA120;GRAMPO ANCOR DIELETR 15,0KV 18,8-21,3MM 120MM2 400DAN;90450;RONDONIA;MATERIAL;90450;GRAMPO ANCOR DIELETR 15,0KV 18,8-21,3MM 120MM2 400DAN;1.0;1.0;
ALC185;GRAMPO ANCOR DIELETR 15,0KV 21,8-24,3MM 185MM2 400DAN;90451;RONDONIA;MATERIAL;90451;GRAMPO ANCOR DIELETR 15,0KV 21,8-24,3MM 185MM2 400DAN;1.0;1.0;
ALCA70;GRAMPO ANCOR DIELETR 36,2KV 25,3-28,6MM 70MM2 400DAN;90455;RONDONIA;MATERIAL;90455;GRAMPO ANCOR DIELETR 36,2KV 25,3-28,6MM 70MM2 400DAN;1.0;1.0;
ALCA12035;GRAMPO ANCOR DIELETR 36,2KV 28,6-31,9MM 120MM2 400DAN;90456;RONDONIA;MATERIAL;90456;GRAMPO ANCOR DIELETR 36,2KV 28,6-31,9MM 120MM2 400DAN;1.0;1.0;
ALCA18535;GRAMPO ANCOR DIELETR 36,2KV 31,6-34,9MM 185MM2 400DAN;90457;RONDONIA;MATERIAL;90457;GRAMPO ANCOR DIELETR 36,2KV 31,6-34,9MM 185MM2 400DAN;1.0;1.0;
;CONEC CUNHA RML COBR TP IV 2,54-6,55/1,27-4,65MM AZ;90474;RONDONIA;MATERIAL;90474;CONEC CUNHA RML COBR TP IV 2,54-6,55/1,27-4,65MM AZ;1.0;1.0;
;BRACO REDE COMP TIPO L 35KV SAE1010/20 600MM;90513;RONDONIA;MATERIAL;90513;BRACO REDE COMP TIPO L 35KV SAE1010/20 600MM;1.0;1.0;
;SUPORTE P/ISOLADOR PILAR 15KV 305X90X35MM;90524;RONDONIA;MATERIAL;90524;SUPORTE P/ISOLADOR PILAR 15KV 305X90X35MM;1.0;1.0;
;SUPORTE P/ISOLADOR PILAR 25/35KV 640X90X40MM;90525;RONDONIA;MATERIAL;90525;SUPORTE P/ISOLADOR PILAR 25/35KV 640X90X40MM;1.0;1.0;
;ANEL AMAR ELASTOMERICO P/ISOLADOR 15,0KV 45X110X160MM VRM;90538;RONDONIA;MATERIAL;90538;ANEL AMAR ELASTOMERICO P/ISOLADOR 15,0KV 45X110X160MM VRM;1.0;1.0;
;ANEL AMAR ELASTOMERICO P/ISOLADOR 36,2KV 60X182X245MM CNZ;90539;RONDONIA;MATERIAL;90539;ANEL AMAR ELASTOMERICO P/ISOLADOR 36,2KV 60X182X245MM CNZ;1.0;1.0;
;BRACO ANTI-BALANCO PEAD 15,0KV 305MM;90540;RONDONIA;MATERIAL;90540;BRACO ANTI-BALANCO PEAD 15,0KV 305MM;1.0;1.0;
;BRACO ANTI-BALANCO PEAD 36,2KV 565MM;90541;RONDONIA;MATERIAL;90541;BRACO ANTI-BALANCO PEAD 36,2KV 565MM;1.0;1.0;
;BRACO REDE COMP TIPO C 15KV SAE1010/20 580MM;90542;RONDONIA;MATERIAL;90542;BRACO REDE COMP TIPO C 15KV SAE1010/20 580MM;1.0;1.0;
;BRACO REDE COMP TIPO C 35KV SAE1010/20 650MM;90543;RONDONIA;MATERIAL;90543;BRACO REDE COMP TIPO C 35KV SAE1010/20 650MM;1.0;1.0;
;BRACO REDE COMP TIPO L 15KV SAE1010/20 354MM;90544;RONDONIA;MATERIAL;90544;BRACO REDE COMP TIPO L 15KV SAE1010/20 354MM;1.0;1.0;
;CHAVE FUS DIST PRC BASE C 15,0KV 315A 1F MAN SEC;90547;RONDONIA;MATERIAL;90547;CHAVE FUS DIST PRC BASE C 15,0KV 315A 1F MAN SEC;1.0;1.0;
;CHAVE FUS DIST PRC BASE C 36,2KV 315A 1F MAN SEC;90548;RONDONIA;MATERIAL;90548;CHAVE FUS DIST PRC BASE C 36,2KV 315A 1F MAN SEC;1.0;1.0;
;ESPACADOR LOSANG PEAD 15,0KV 340X460MM TRAV 3 COND;90567;RONDONIA;MATERIAL;90567;ESPACADOR LOSANG PEAD 15,0KV 340X460MM TRAV 3 COND;1.0;1.0;
;ESPACADOR LOSANG PEAD 36,2KV 550X750MM TRAV 3 COND;90568;RONDONIA;MATERIAL;90568;ESPACADOR LOSANG PEAD 36,2KV 550X750MM TRAV 3 COND;1.0;1.0;
;ISOLADOR PILAR PORC 8KN 400MM 720MM 36,2KV PL8CC;90580;RONDONIA;MATERIAL;90580;ISOLADOR PILAR PORC 8KN 400MM 720MM 36,2KV PL8CC;1.0;1.0;
CAPATR;CAPA PROT PEAD TRANSF MT 15/36,2KV 135X110MM;90586;RONDONIA;MATERIAL;90586;CAPA PROT PEAD TRANSF MT 15/36,2KV 135X110MM;1.0;1.0;
CAPAPR;CAPA PROT BORR SILIC PARA-RAIOS MT 15/36,2KV 70X97MM;90969;RONDONIA;MATERIAL;90969;CAPA PROT BORR SILIC PARA-RAIOS MT 15/36,2KV 70X97MM;1.0;1.0;
TR115M;TRANSF DISTR AER OMI 1F/N 7,969KV 240/120V 15KVA CL2 5TP;91008;RONDONIA;MATERIAL;91008;TRANSF DISTR AER OMI 1F/N 7,969KV 240/120V 15KVA CL2 5TP;1.0;1.0;
;TRANSF DISTR AER OMI 1F/N 19,919KV 240/120V 15KVA CL2 5TP;91014;RONDONIA;MATERIAL;91014;TRANSF DISTR AER OMI 1F/N 19,919KV 240/120V 15KVA CL2 5TP;1.0;1.0;
TR110M;TRANSF DISTR AER OMI 1F/N 7,969KV 240/120V 10KVA CL2 5TP;91027;RONDONIA;MATERIAL;91027;TRANSF DISTR AER OMI 1F/N 7,969KV 240/120V 10KVA CL2 5TP;1.0;1.0;
;TRANSF DISTR AER OMI 1F/N 19,919KV 240/120V 10KVA CL2 5TP;91028;RONDONIA;MATERIAL;91028;TRANSF DISTR AER OMI 1F/N 19,919KV 240/120V 10KVA CL2 5TP;1.0;1.0;
DT11/1000;POSTE DUPLO T 11/1000;111000;RONDONIA;MAO-DE-OBRA;1016;Poste Limpo (sem mat. ou equip.) 12 >=P> 600;1.0;1.0;
;POSTE DUPLO T 11/1000;111000;RONDONIA;MATERIAL;90196;POSTE DISTR CONCR DT 11M 1000DAN 360X490MM 140X182MM CL2;1.0;1.0;
DT11/1500;POSTE DUPLO T 11/1500;111500;RONDONIA;MAO-DE-OBRA;1016;Poste Limpo (sem mat. ou equip.) 12 >=P> 600;1.0;1.0;
;POSTE DUPLO T 11/1500;111500;RONDONIA;MATERIAL;90197;POSTE DISTR CONCR DT 11M 1500DAN 390X532MM 170X224MM CL2;1.0;1.0;
DT12/1000;POSTE DT 12/1000;121000;RONDONIA;MAO-DE-OBRA;1016;Poste Limpo (sem mat. ou equip.) 12 >=P> 600;1.0;1.0;
;POSTE DT 12/1000;121000;RONDONIA;MATERIAL;90200;POSTE DISTR CONCR DT 12M 1000DAN 380X518MM 140X182MM CL2;1.0;1.0;
DT12/1500;POSTE DUPLO T 12/1500;121500;RONDONIA;MAO-DE-OBRA;1016;Poste Limpo (sem mat. ou equip.) 12 >=P> 600;1.0;1.0;
;POSTE DUPLO T 12/1500;121500;RONDONIA;MATERIAL;90201;POSTE DISTR CONCR DT 12M 1500DAN 410X560MM 170X224MM CL2;1.0;1.0;
DT12/2000;POSTE CONCR DUPL T 12M 2000DAN 440X602MM 200X266MM CL II;122000;RONDONIA;MAO-DE-OBRA;1016;Poste Limpo (sem mat. ou equip.) 12 >=P> 600;1.0;1.0;
;POSTE CONCR DUPL T 12M 2000DAN 440X602MM 200X266MM CL II;122000;RONDONIA;MATERIAL;645570;POSTE CONCR DUPL T 12M 2000DAN 440X602MM 200X266MM CL II;1.0;1.0;
DT13/1000;POSTE DUPLO T 13/1000;131000;RONDONIA;MAO-DE-OBRA;1017;Poste Limpo (sem mat. ou equip.) 12=600;1.0;1.0;
;POSTE DUPLO T 13/1000;131000;RONDONIA;MATERIAL;90204;POSTE DISTR CONCR DT 13M 1000DAN 400X546MM 140X182MM CL2;1.0;1.0;
DT13/1500;POSTE DUPLO T 13/1500;131500;RONDONIA;MAO-DE-OBRA;1017;Poste Limpo (sem mat. ou equip.) 12=600;1.0;1.0;
;POSTE DUPLO T 13/1500;131500;RONDONIA;MATERIAL;90205;POSTE DISTR CONCR DT 13M 1500DAN 430X588MM 170X224MM CL2;1.0;1.0;
DT14/1000;POSTE DUPLO T 14/1000;141000;RONDONIA;MAO-DE-OBRA;1017;Poste Limpo (sem mat. ou equip.) 12=600;1.0;1.0;
;POSTE DUPLO T 14/1000;141000;RONDONIA;MATERIAL;91452;POSTE CONCR DUPL T 14M 1000DAN 420X574MM 140X182MM CL II;1.0;1.0;
DT14/1500;POSTE DUPLO T 14/1500;141500;RONDONIA;MAO-DE-OBRA;1017;Poste Limpo (sem mat. ou equip.) 12=600;1.0;1.0;
;POSTE DUPLO T 14/1500;141500;RONDONIA;MATERIAL;91452;POSTE CONCR DUPL T 14M 1500DAN 420X574MM 140X182MM CL II;1.0;1.0;
1ESTR;ARMAÇÃO SECUNDÁRIA DE 1 ESTRIBO;1 ESTRIBO;RONDONIA;MAO-DE-OBRA;1174;Armação Secundária de 1 Estribo;1.0;1.0;
;ARMAÇÃO SECUNDÁRIA DE 1 ESTRIBO;1 ESTRIBO;RONDONIA;MATERIAL;90393;ARMACAO SECUNDARIA ACO GALV 1 ESTRIBO 110X50X5,0MM 125X16MM;1.0;1.0;
;ARMAÇÃO SECUNDÁRIA DE 1 ESTRIBO;1 ESTRIBO;RONDONIA;MATERIAL;90389;ARRUELA QUADRADA ACO GALV 38X18X3MM;2.0;2.0;
;ARMAÇÃO SECUNDÁRIA DE 1 ESTRIBO;1 ESTRIBO;RONDONIA;MATERIAL;90295;ISOLADOR ROLDANA PORCELANA 79X76MM 1350DAN MRM;1.0;1.0;
;ARMAÇÃO SECUNDÁRIA DE 1 ESTRIBO;1 ESTRIBO;RONDONIA;MATERIAL;90365;PARAFUSO DISTR CAB QUAD ACO-GALV M16 350MM 5000DAN;1.0;1.0;
2ESTR;ARMAÇÃO SECUNDÁRIA DE 2 ESTRIBOS;2 ESTRIBOS;RONDONIA;MAO-DE-OBRA;1175;Armação Secundária de 2 Estribo;1.0;1.0;
SI3;ARMAÇÃO SECUNDÁRIA DE 2 ESTRIBOS;2 ESTRIBOS;RONDONIA;MATERIAL;92017;ARMACAO SECUNDARIA ACO GALV 2 ESTRIBOS 310X50X5,0MM 325X16MM;1.0;1.0;
SI1;ARMAÇÃO SECUNDÁRIA DE 2 ESTRIBOS;2 ESTRIBOS;RONDONIA;MATERIAL;90389;ARRUELA QUADRADA ACO GALV 38X18X3MM;4.0;4.0;
;ARMAÇÃO SECUNDÁRIA DE 2 ESTRIBOS;2 ESTRIBOS;RONDONIA;MATERIAL;90295;ISOLADOR ROLDANA PORCELANA 79X76MM 1350DAN MRM;2.0;2.0;
;ARMAÇÃO SECUNDÁRIA DE 2 ESTRIBOS;2 ESTRIBOS;RONDONIA;MATERIAL;90365;PARAFUSO DISTR CAB QUAD ACO-GALV M16 350MM 5000DAN;2.0;2.0;
2ESCORA;PLACA CONCRETO ESCORA PLANA;2ESCORAS;RONDONIA;MAO-DE-OBRA;1006;Cava para poste ou estai.;1.0;1.0;
;PLACA CONCRETO ESCORA PLANA;2ESCORAS;RONDONIA;MATERIAL;90585;PLACA CONCRETO ESTAI/ESC PLANA 200X1000MM 100MM 1600DAN CL2;2.0;2.0;
ALCA10;ALCA PARA CABO 1/0 AWG CA/CAA;ALCA10;RONDONIA;MATERIAL;90307;ALCA PREF DISTR ACO-ZINC 9,15-10,25MM 670MM AMR;1.0;1.0;
ALCA2;ALCA PARA CABO 2 AWG CA/CAA;ALCA2;RONDONIA;MATERIAL;90306;ALCA PREF DISTR ACO-ZINC 7,30-8,20MM 610MM VRM;1.0;1.0;
ALCA20;ALCA PARA CABO 2/0 AWG CA/CAA;ALCA20;RONDONIA;MATERIAL;90685;ALCA PREF DISTR ACO-ZINC 10,30-11,55MM 710MM AZL;1.0;1.0;
ALCA336;ALCA PARA CABO 336,4 AWG CAA;ALCA336CAA;RONDONIA;MATERIAL;90310;ALCA PREF DISTR ACO-ZINC 17,40-19,30MM 1000MM AMR;1.0;1.0;
ALCA4;ALCA PARA CABO 4 AWG CA/CAA;ALCA4;RONDONIA;MATERIAL;90683;ALCA PREF DISTR ACO-ZINC 5,70-6,45MM 430MM LRJ;1.0;1.0;
ALCA40;ALCA PARA CABO 4/0 AWG CA/CAA;ALCA40;RONDONIA;MATERIAL;90308;ALCA PREF DISTR ACO-ZINC 13,10-14,65MM 865MM VRM;1.0;1.0;
;ALÇA PREF. ESTAI P/ CABO ACO 3/8';CAD95;RONDONIA;MATERIAL;90302;ALCA PREF CORD ACO-ZN 9,50MM 6X2.54MM 660MM LRJ;1.0;1.0;
;CABO DE ACO SM 3.09MM CAZ;CAZ309;RONDONIA;MAO-DE-OBRA;1103;Condutores de alumínio, por 100Kg.;0.0058;0.0058;
;CABO DE ACO SM 3.09MM CAZ;CAZ309;RONDONIA;MATERIAL;8242;FIO ACO ZINCADO CAZ 3,09 MM;0.058;0.058;
;CONECTOR CUNHA 1/0 1/0 C/ CART. PVC;CC10-10;RONDONIA;MAO-DE-OBRA;1118;Conexão Tipo com Cunha, por peça.;1.0;1.0;
C10;CONECTOR CUNHA 1/0 1/0 C/ CART. PVC;CC10-10;RONDONIA;MATERIAL;90487;CARTUCHO CONECTOR CUNHA METAL 14,8X5,7X7,0MM AZUL;1.0;1.0;
;CONECTOR CUNHA 1/0 1/0 C/ CART. PVC;CC10-10;RONDONIA;MATERIAL;90791;CONECTOR CUNHA ALUM CN-10 8,23-14,53/4,11-11,79MM AZL;1.0;1.0;
;CONECTOR CUNHA 120 C 185;CC120-185P;RONDONIA;MAO-DE-OBRA;1118;Conexão Tipo com Cunha, por peça.;3.0;3.0;
C185120;CONECTOR CUNHA 120 C 185;CC120-185P;RONDONIA;MATERIAL;90888;CAPA PROT CONECTOR CUNHA 15KV 166X100MM SERIE AZUL;3.0;3.0;
;CONECTOR CUNHA 120 C 185;CC120-185P;RONDONIA;MATERIAL;90487;CARTUCHO CONECTOR CUNHA METAL 14,8X5,7X7,0MM AZUL;3.0;3.0;
;CONECTOR CUNHA 120 C 185;CC120-185P;RONDONIA;MATERIAL;90796;CONECTOR CUNHA ALUM CN-02 15,24-17,37/11,68-17,37MM AZL;3.0;3.0;
;CONECTOR CUNHA 185 C 185;CC185-185P;RONDONIA;MAO-DE-OBRA;1118;Conexão Tipo com Cunha, por peça.;3.0;3.0;
;CONECTOR CUNHA 185 C 185;CC185-185P;RONDONIA;MATERIAL;90888;CAPA PROT CONECTOR CUNHA 15KV 166X100MM SERIE AZUL;3.0;3.0;
;CONECTOR CUNHA 185 C 185;CC185-185P;RONDONIA;MATERIAL;90487;CARTUCHO CONECTOR CUNHA METAL 14,8X5,7X7,0MM AZUL;3.0;3.0;
;CONECTOR CUNHA 185 C 185;CC185-185P;RONDONIA;MATERIAL;90796;CONECTOR CUNHA ALUM CN-02 15,24-17,37/11,68-17,37MM AZL;3.0;3.0;
;CONECTOR CUNHA 2 AWG PARA 1/0 AWG;CC2-10;RONDONIA;MAO-DE-OBRA;1118;Conexão Tipo com Cunha, por peça.;1.0;1.0;
C102;CONECTOR CUNHA 2 AWG PARA 1/0 AWG;CC2-10;RONDONIA;MATERIAL;90487;CARTUCHO CONECTOR CUNHA METAL 14,8X5,7X7,0MM AZUL;1.0;1.0;
;CONECTOR CUNHA 2 AWG PARA 1/0 AWG;CC2-10;RONDONIA;MATERIAL;90791;CONECTOR CUNHA ALUM CN-10 8,23-14,53/4,11-11,79MM AZL;1.0;1.0;
;CONECTOR CUNHA 2 AWG PARA 2 AWG;CC2-2;RONDONIA;MAO-DE-OBRA;1118;Conexão Tipo com Cunha, por peça.;1.0;1.0;
C2;CONECTOR CUNHA 2 AWG PARA 2 AWG;CC2-2;RONDONIA;MATERIAL;90488;CARTUCHO CONECTOR CUNHA METAL 14,8X5,7X7,0MM VERMELHO;1.0;1.0;
;CONECTOR CUNHA 2 AWG PARA 2 AWG;CC2-2;RONDONIA;MATERIAL;90797;CONECTOR CUNHA ALUM CN-13 6,55-10,11/5,18-8,38MM VRM;1.0;1.0;
;CONECTOR CUNHA 2 C/2/0;CC2-20;RONDONIA;MAO-DE-OBRA;1118;Conexão Tipo com Cunha, por peça.;1.0;1.0;
C202;CONECTOR CUNHA 2 C/2/0;CC2-20;RONDONIA;MATERIAL;90487;CARTUCHO CONECTOR CUNHA METAL 14,8X5,7X7,0MM AZUL;1.0;1.0;
;CONECTOR CUNHA 2 C/2/0;CC2-20;RONDONIA;MATERIAL;90790;CONEC CUNHA PARAL 1/0-1/0AWG;1.0;1.0;
;CONECTOR CUNHA 2/0 C/2/0;CC20-20;RONDONIA;MAO-DE-OBRA;1118;Conexão Tipo com Cunha, por peça.;1.0;1.0;
C20;CONECTOR CUNHA 2/0 C/2/0;CC20-20;RONDONIA;MATERIAL;90487;CARTUCHO CONECTOR CUNHA METAL 14,8X5,7X7,0MM AZUL;1.0;1.0;
;CONECTOR CUNHA 2/0 C/2/0;CC20-20;RONDONIA;MATERIAL;90790;CONECTOR CUNHA ALUM CN-06 9,25-14,53/6,55-14,53MM AZL;1.0;1.0;
;CONECTOR CUNHA 2/0 C/4/0;CC20-40;RONDONIA;MAO-DE-OBRA;1118;Conexão Tipo com Cunha, por peça.;1.0;1.0;
C4020;CONECTOR CUNHA 2/0 C/4/0;CC20-40;RONDONIA;MATERIAL;90487;CARTUCHO CONECTOR CUNHA METAL 14,8X5,7X7,0MM AZUL;1.0;1.0;
;CONECTOR CUNHA 2/0 C/4/0;CC20-40;RONDONIA;MATERIAL;90790;CONECTOR CUNHA ALUM CN-06 9,25-14,53/6,55-14,53MM AZL;1.0;1.0;
;CONECTOR CUNHA 2 AWG PARA 4 AWG;CC4-2;RONDONIA;MAO-DE-OBRA;1118;Conexão Tipo com Cunha, por peça.;1.0;1.0;
C24;CONECTOR CUNHA 2 AWG PARA 4 AWG;CC4-2;RONDONIA;MATERIAL;90488;CARTUCHO CONECTOR CUNHA METAL 14,8X5,7X7,0MM VERMELHO;1.0;1.0;
;CONECTOR CUNHA 2 AWG PARA 4 AWG;CC4-2;RONDONIA;MATERIAL;90797;CONECTOR CUNHA ALUM CN-13 6,55-10,11/5,18-8,38MM VRM;1.0;1.0;
;CONECTOR CUNHA 4-4 E 2-6 C/ CART. PVC;CC4-4;RONDONIA;MAO-DE-OBRA;1118;Conexão Tipo com Cunha, por peça.;1.0;1.0;
C4;CONECTOR CUNHA 4-4 E 2-6 C/ CART. PVC;CC4-4;RONDONIA;MATERIAL;90488;CARTUCHO CONECTOR CUNHA METAL 14,8X5,7X7,0MM VERMELHO;1.0;1.0;
;CONECTOR CUNHA 4-4 E 2-6 C/ CART. PVC;CC4-4;RONDONIA;MATERIAL;90787;CONECTOR CUNHA ALUM CN-12 5,18-8,38/4,11-6,55MM VRM;1.0;1.0;
;CONECTOR CUNHA 4/0 A 4/0 C/ CART. PVC;CC40-40;RONDONIA;MAO-DE-OBRA;1118;Conexão Tipo com Cunha, por peça.;1.0;1.0;
C40;CONECTOR CUNHA 4/0 A 4/0 C/ CART. PVC;CC40-40;RONDONIA;MATERIAL;90487;CARTUCHO CONECTOR CUNHA METAL 14,8X5,7X7,0MM AZUL;1.0;1.0;
;CONECTOR CUNHA 4/0 A 4/0 C/ CART. PVC;CC40-40;RONDONIA;MATERIAL;90798;CONECTOR CUNHA ALUM CN-15 10,40-14,53/10,40-14,53MM AZL;1.0;1.0;
;CONECTOR CUNHA 1/0 C 4/0;CC50-120P;RONDONIA;MAO-DE-OBRA;1118;Conexão Tipo com Cunha, por peça.;3.0;3.0;
C12050;CONECTOR CUNHA 1/0 C 4/0;CC50-120P;RONDONIA;MATERIAL;90888;CAPA PROT CONECTOR CUNHA 15KV 166X100MM SERIE AZUL;3.0;3.0;
;CONECTOR CUNHA 1/0 C 4/0;CC50-120P;RONDONIA;MATERIAL;90487;CARTUCHO CONECTOR CUNHA METAL 14,8X5,7X7,0MM AZUL;3.0;3.0;
;CONECTOR CUNHA 1/0 C 4/0;CC50-120P;RONDONIA;MATERIAL;90798;CONECTOR CUNHA ALUM CN-15 10,40-14,53/10,40-14,53MM AZL;3.0;3.0;
;CONECTOR CUNHA 1/0 C 185;CC50-185P;RONDONIA;MAO-DE-OBRA;1118;Conexão Tipo com Cunha, por peça.;3.0;3.0;
C18550;CONECTOR CUNHA 1/0 C 185;CC50-185P;RONDONIA;MATERIAL;90888;CAPA PROT CONECTOR CUNHA 15KV 166X100MM SERIE AZUL;3.0;3.0;
;CONECTOR CUNHA 1/0 C 185;CC50-185P;RONDONIA;MATERIAL;90487;CARTUCHO CONECTOR CUNHA METAL 14,8X5,7X7,0MM AZUL;3.0;3.0;
;CONECTOR CUNHA 1/0 C 185;CC50-185P;RONDONIA;MATERIAL;90798;CONECTOR CUNHA ALUM CN-15 10,40-14,53/10,40-14,53MM AZL;3.0;3.0;
;CONECTOR CUNHA 1/0 C/ 1/0;CC50-50P;RONDONIA;MAO-DE-OBRA;1118;Conexão Tipo com Cunha, por peça.;3.0;3.0;
C50;CONECTOR CUNHA 1/0 C/ 1/0;CC50-50P;RONDONIA;MATERIAL;90888;CAPA PROT CONECTOR CUNHA 15KV 166X100MM SERIE AZUL;3.0;3.0;
;CONECTOR CUNHA 1/0 C/ 1/0;CC50-50P;RONDONIA;MATERIAL;90487;CARTUCHO CONECTOR CUNHA METAL 14,8X5,7X7,0MM AZUL;3.0;3.0;
;CONECTOR CUNHA 1/0 C/ 1/0;CC50-50P;RONDONIA;MATERIAL;90791;CONECTOR CUNHA ALUM CN-10 8,23-14,53/4,11-11,79MM AZL;3.0;3.0;
;CONECTOR CUNHA 1/0 C /2/0;CC50-70P;RONDONIA;MAO-DE-OBRA;1118;Conexão Tipo com Cunha, por peça.;3.0;3.0;
C7050;CONECTOR CUNHA 1/0 C /2/0;CC50-70P;RONDONIA;MATERIAL;90888;CAPA PROT CONECTOR CUNHA 15KV 166X100MM SERIE AZUL;3.0;3.0;
;CONECTOR CUNHA 1/0 C /2/0;CC50-70P;RONDONIA;MATERIAL;90487;CARTUCHO CONECTOR CUNHA METAL 14,8X5,7X7,0MM AZUL;3.0;3.0;
;CONECTOR CUNHA 1/0 C /2/0;CC50-70P;RONDONIA;MATERIAL;90791;CONECTOR CUNHA ALUM CN-10 8,23-14,53/4,11-11,79MM AZL;3.0;3.0;
;CONECTOR CUNHA 2/0 C 4/0;CC70-120P;RONDONIA;MAO-DE-OBRA;1118;Conexão Tipo com Cunha, por peça.;3.0;3.0;
C12070;CONECTOR CUNHA 2/0 C 4/0;CC70-120P;RONDONIA;MATERIAL;90888;CAPA PROT CONECTOR CUNHA 15KV 166X100MM SERIE AZUL;3.0;3.0;
;CONECTOR CUNHA 2/0 C 4/0;CC70-120P;RONDONIA;MATERIAL;90487;CARTUCHO CONECTOR CUNHA METAL 14,8X5,7X7,0MM AZUL;3.0;3.0;
;CONECTOR CUNHA 2/0 C 4/0;CC70-120P;RONDONIA;MATERIAL;90798;CONECTOR CUNHA ALUM CN-15 10,40-14,53/10,40-14,53MM AZL;3.0;3.0;
;CONECTOR CUNHA 2/0 C 185;CC70-185P;RONDONIA;MAO-DE-OBRA;1118;Conexão Tipo com Cunha, por peça.;3.0;3.0;
C18570;CONECTOR CUNHA 2/0 C 185;CC70-185P;RONDONIA;MATERIAL;90888;CAPA PROT CONECTOR CUNHA 15KV 166X100MM SERIE AZUL;3.0;3.0;
;CONECTOR CUNHA 2/0 C 185;CC70-185P;RONDONIA;MATERIAL;90487;CARTUCHO CONECTOR CUNHA METAL 14,8X5,7X7,0MM AZUL;3.0;3.0;
;CONECTOR CUNHA 2/0 C 185;CC70-185P;RONDONIA;MATERIAL;90799;CONECTOR CUNHA ALUM CN-03 15,24-17,37/8,23-15,24MM AZL;3.0;3.0;
;CONECTOR CUNHA 2/0 C 2/0;CC70-70P;RONDONIA;MAO-DE-OBRA;1118;Conexão Tipo com Cunha, por peça.;3.0;3.0;
C70;CONECTOR CUNHA 2/0 C 2/0;CC70-70P;RONDONIA;MATERIAL;90888;CAPA PROT CONECTOR CUNHA 15KV 166X100MM SERIE AZUL;3.0;3.0;
;CONECTOR CUNHA 2/0 C 2/0;CC70-70P;RONDONIA;MATERIAL;90487;CARTUCHO CONECTOR CUNHA METAL 14,8X5,7X7,0MM AZUL;3.0;3.0;
;CONECTOR CUNHA 2/0 C 2/0;CC70-70P;RONDONIA;MATERIAL;90798;CONECTOR CUNHA ALUM CN-15 10,40-14,53/10,40-14,53MM AZL;3.0;3.0;
CA10;CABO ALUM CA NU 1/0 AWG 1F POPPY;CCBAL10N;RONDONIA;MAO-DE-OBRA;1103;Condutores de alumínio, por 100Kg.;0.004933333;0.004933333;
;CABO ALUM CA NU 1/0 AWG 1F POPPY;CCBAL10N;RONDONIA;MATERIAL;90259;CABO ALUM NU 1F CA/AAC 1/0AWG POPPY;0.148;0.148;
CAZ309;CABO DE ACO SM 3.09MM CAZ;CCBAZ30;RONDONIA;MAO-DE-OBRA;1103;Condutores de alumínio, por 100Kg.;0.01;0.01;
;CABO DE ACO SM 3.09MM CAZ;CCBAZ30;RONDONIA;MATERIAL;8242;FIO ACO ZINCADO CAZ 3,09 MM;0.058;0.058;
;CONECTOR CUNHA 336/336 C/ CART. PVC;CCC336-336;RONDONIA;MAO-DE-OBRA;1118;Conexão Tipo com Cunha, por peça.;1.0;1.0;
C336;CONECTOR CUNHA 336/336 C/ CART. PVC;CCC336-336;RONDONIA;MATERIAL;90487;CARTUCHO CONECTOR CUNHA METAL 14,8X5,7X7,0MM AZUL;1.0;1.0;
;CONECTOR CUNHA 336/336 C/ CART. PVC;CCC336-336;RONDONIA;MATERIAL;90796;CONECTOR CUNHA ALUM CN-02 15,24-17,37/11,68-17,37MM AZL;1.0;1.0;
;CONECTOR F.H. P/ CB 53MM2(1/0) C/ CB 53MM2(1/0);CCH10-10;RONDONIA;MAO-DE-OBRA;1119;Conexão Tipo compressão, por peça.;1.0;1.0;
CH10;CONECTOR F.H. P/ CB 53MM2(1/0) C/ CB 53MM2(1/0);CCH10-10;RONDONIA;MATERIAL;90481;CONECTOR DERIV COMPR ALUM H3 8,30-11,90MM/8,30-11,90MM;1.0;1.0;
;CONECTOR F.H. P/ CB 53MM2(1/0) C/ CB 67MM2(2/0);CCH10-20;RONDONIA;MAO-DE-OBRA;1119;Conexão Tipo compressão, por peça.;1.0;1.0;
CH2010;CONECTOR F.H. P/ CB 53MM2(1/0) C/ CB 67MM2(2/0);CCH10-20;RONDONIA;MATERIAL;90481;CONECTOR DERIV COMPR ALUM H3 8,30-11,90MM/8,30-11,90MM;1.0;1.0;
;CONECTOR F.H. P/ CB 53MM2(1/0) C/ CB 107MM2(4/0);CCH10-40;RONDONIA;MAO-DE-OBRA;1119;Conexão Tipo compressão, por peça.;1.0;1.0;
CH4010;CONECTOR F.H. P/ CB 53MM2(1/0) C/ CB 107MM2(4/0);CCH10-40;RONDONIA;MATERIAL;90482;CONECTOR DERIV COMPR ALUM H4 11,70-14,30MM/8,30-11,90MM;1.0;1.0;
;CONECTOR F.H. P/ CB 34MM2(2) C/ CB 53MM2(1/0);CCH2-10;RONDONIA;MAO-DE-OBRA;1119;Conexão Tipo compressão, por peça.;1.0;1.0;
CH102;CONECTOR F.H. P/ CB 34MM2(2) C/ CB 53MM2(1/0);CCH2-10;RONDONIA;MATERIAL;90480;CONECTOR DERIV COMPR ALUM H2 6,40-8,40MM/4,10-8,40MM;1.0;1.0;
;CONECTOR F.H. P/ CB 34MM2(2) C/ CB 34MM2(2);CCH2-2;RONDONIA;MAO-DE-OBRA;1119;Conexão Tipo compressão, por peça.;1.0;1.0;
CH2;CONECTOR F.H. P/ CB 34MM2(2) C/ CB 34MM2(2);CCH2-2;RONDONIA;MATERIAL;90479;CONECTOR DERIV COMPR ALUM H1 4,10-8,40MM/4,10-8,40MM;1.0;1.0;
;CONECTOR F.H. P/ CB 34MM2(2) C/ CB 67MM2(2/0);CCH2-20;RONDONIA;MAO-DE-OBRA;1119;Conexão Tipo compressão, por peça.;1.0;1.0;
CH202;CONECTOR F.H. P/ CB 34MM2(2) C/ CB 67MM2(2/0);CCH2-20;RONDONIA;MATERIAL;90480;CONECTOR DERIV COMPR ALUM H2 6,40-8,40MM/4,10-8,40MM;1.0;1.0;
;CONECTOR F.H. P/ CB 107MM2(4/0) C/ CB 34MM2(2);CCH2-40;RONDONIA;MAO-DE-OBRA;1119;Conexão Tipo compressão, por peça.;1.0;1.0;
CH402;CONECTOR F.H. P/ CB 107MM2(4/0) C/ CB 34MM2(2);CCH2-40;RONDONIA;MATERIAL;90485;CONECTOR DERIV COMPR ALUM H7 13,20-21,80MM/4,10-11,40MM;1.0;1.0;
;CONECTOR F.H. P/ CB 67MM2(2/0) C/ CB 53MM2(1/0);CCH20-10;RONDONIA;MAO-DE-OBRA;1119;Conexão Tipo compressão, por peça.;1.0;1.0;
CH2010;CONECTOR F.H. P/ CB 67MM2(2/0) C/ CB 53MM2(1/0);CCH20-10;RONDONIA;MATERIAL;90481;CONECTOR DERIV COMPR ALUM H3 8,30-11,90MM/8,30-11,90MM;1.0;1.0;
;CONECTOR F.H. P/ CB 67MM2(2/0) C/ CB 67MM2(2/0);CCH20-20;RONDONIA;MAO-DE-OBRA;1119;Conexão Tipo compressão, por peça.;1.0;1.0;
CH20;CONECTOR F.H. P/ CB 67MM2(2/0) C/ CB 67MM2(2/0);CCH20-20;RONDONIA;MATERIAL;90481;CONECTOR DERIV COMPR ALUM H3 8,30-11,90MM/8,30-11,90MM;1.0;1.0;
;CONECTOR F.H. P/ CB 67MM2(2/0) C/ CB 107MM2(4/0);CCH20-40;RONDONIA;MAO-DE-OBRA;1119;Conexão Tipo compressão, por peça.;1.0;1.0;
CH4020;CONECTOR F.H. P/ CB 67MM2(2/0) C/ CB 107MM2(4/0);CCH20-40;RONDONIA;MATERIAL;90482;CONECTOR DERIV COMPR ALUM H4 11,70-14,30MM/8,30-11,90MM;1.0;1.0;
;CONECTOR F.H. P/ CB 21MM2(4) C/ CB 53MM2(1/0);CCH4-10;RONDONIA;MAO-DE-OBRA;1119;Conexão Tipo compressão, por peça.;1.0;1.0;
CH104;CONECTOR F.H. P/ CB 21MM2(4) C/ CB 53MM2(1/0);CCH4-10;RONDONIA;MATERIAL;90480;CONECTOR DERIV COMPR ALUM H2 6,40-8,40MM/4,10-8,40MM;1.0;1.0;
;CONECTOR F.H. P/ CB 21MM2(4) C/ CB 34MM2(2);CCH4-2;RONDONIA;MAO-DE-OBRA;1119;Conexão Tipo compressão, por peça.;1.0;1.0;
CH24;CONECTOR F.H. P/ CB 21MM2(4) C/ CB 34MM2(2);CCH4-2;RONDONIA;MATERIAL;90479;CONECTOR DERIV COMPR ALUM H1 4,10-8,40MM/4,10-8,40MM;1.0;1.0;
;CONECTOR F.H. P/ CB 21MM2(4) C/ CB 67MM2(2/0);CCH4-20;RONDONIA;MAO-DE-OBRA;1119;Conexão Tipo compressão, por peça.;1.0;1.0;
CH204;CONECTOR F.H. P/ CB 21MM2(4) C/ CB 67MM2(2/0);CCH4-20;RONDONIA;MATERIAL;90480;CONECTOR DERIV COMPR ALUM H2 6,40-8,40MM/4,10-8,40MM;1.0;1.0;
;CONECTOR F.H. P/ CB 107MM2(4/0) C/ CB 107MM2(4/0;CCH40-40;RONDONIA;MAO-DE-OBRA;1119;Conexão Tipo compressão, por peça.;1.0;1.0;
CH40;CONECTOR F.H. P/ CB 107MM2(4/0) C/ CB 107MM2(4/0;CCH40-40;RONDONIA;MATERIAL;90483;CONECTOR DERIV COMPR ALUM H5 11,70-14,30MM/11,70-14,30MM;1.0;1.0;
BASE;CONCRETAR BASE DE POSTE;CCONCBASE;RONDONIA;MAO-DE-OBRA;1009;Concretar base simples;1.0;1.0;
;CONECTOR TERM ESTRANG CABO CA/CAA 120MM2 (4/0 AWG;CCT-E120;RONDONIA;MAO-DE-OBRA;1119;Conexão Tipo compressão, por peça.;1.0;1.0;
EST120;CONECTOR TERM ESTRANG CABO CA/CAA 120MM2 (4/0 AWG;CCT-E120;RONDONIA;MATERIAL;90342;CONECT TERM ESTRANG CB/BAR ALUM 2F 123X25MM 11.20-12.30MM;1.0;1.0;
;CONECTOR TERM ESTRANG CABO CA/CAA 35MM2 (2 AWG);CCT-E35;RONDONIA;MAO-DE-OBRA;1119;Conexão Tipo compressão, por peça.;1.0;1.0;
EST35;CONECTOR TERM ESTRANG CABO CA/CAA 35MM2 (2 AWG);CCT-E35;RONDONIA;MATERIAL;90340;CONECT TERM ESTRANG CB/BAR ALUM 1F 48X18MM 6.70-7.30MM;1.0;1.0;
;CONECTOR TERM ESTRANG CABO CA/CAA 70MM2 (1/0 AWG);CCT-E70;RONDONIA;MAO-DE-OBRA;1119;Conexão Tipo compressão, por peça.;1.0;1.0;
EST70;CONECTOR TERM ESTRANG CABO CA/CAA 70MM2 (1/0 AWG);CCT-E70;RONDONIA;MATERIAL;90341;CONECT TERM ESTRANG CB/BAR ALUM 2F 106X22MM 9.00-9.70MM;1.0;1.0;
;ELO FUSIVEL DE DISTRIBUICAO 500MM 0,5H;CEF0,5H;RONDONIA;MAO-DE-OBRA;1083;Elo Fusível (peça).;1.0;1.0;
;ELO FUSIVEL DE DISTRIBUICAO 500MM 0,5H;CEF0,5H;RONDONIA;MATERIAL;90497;ELO FUSIVEL DISTRIBUICAO TIPO H 0,5A 500MM;1.0;1.0;
EF10K;ELO FUSIVEL DE DISTRIBUICAO 500MM 10K;CEF10K;RONDONIA;MAO-DE-OBRA;1083;Elo Fusível (peça).;1.0;1.0;
;ELO FUSIVEL DE DISTRIBUICAO 500MM 10K;CEF10K;RONDONIA;MATERIAL;90641;ELO FUSIVEL DISTRIBUICAO TIPO K 10A 500MM VERMELHO;1.0;1.0;
;ELO FUSIVEL DE DISTRIBUICAO 500MM 12K;CEF12K;RONDONIA;MAO-DE-OBRA;1083;Elo Fusível (peça).;1.0;1.0;
;ELO FUSIVEL DE DISTRIBUICAO 500MM 12K;CEF12K;RONDONIA;MATERIAL;90642;ELO FUSIVEL DISTRIBUICAO TIPO K 12A 500MM LARANJA;1.0;1.0;
;ELO FUSIVEL DE DISTRIBUICAO 500MM 15K;CEF15K;RONDONIA;MAO-DE-OBRA;1083;Elo Fusível (peça).;1.0;1.0;
;ELO FUSIVEL DE DISTRIBUICAO 500MM 15K;CEF15K;RONDONIA;MATERIAL;90643;ELO FUSIVEL DISTRIBUICAO TIPO K 15A 500MM VERDE;1.0;1.0;
;ELO FUSIVEL DE DISTRIBUICAO 500MM 1H;CEF1H;RONDONIA;MAO-DE-OBRA;1083;Elo Fusível (peça).;1.0;1.0;
;ELO FUSIVEL DE DISTRIBUICAO 500MM 1H;CEF1H;RONDONIA;MATERIAL;90498;ELO FUSIVEL DISTRIBUICAO TIPO H 1A 500MM;1.0;1.0;
;ELO FUSIVEL DE DISTRIBUICAO 500MM 25K;CEF25K;RONDONIA;MAO-DE-OBRA;1083;Elo Fusível (peça).;1.0;1.0;
;ELO FUSIVEL DE DISTRIBUICAO 500MM 25K;CEF25K;RONDONIA;MATERIAL;90645;ELO FUSIVEL DISTRIBUICAO TIPO K 25A 500MM BRANCO;1.0;1.0;
;ELO FUSIVEL DE DISTRIBUICAO 500MM 2H;CEF2H;RONDONIA;MAO-DE-OBRA;1083;Elo Fusível (peça).;1.0;1.0;
;ELO FUSIVEL DE DISTRIBUICAO 500MM 2H;CEF2H;RONDONIA;MATERIAL;90499;ELO FUSIVEL DISTRIBUICAO TIPO H 2A 500MM;1.0;1.0;
;ELO FUSIVEL DE DISTRIBUICAO 500MM 30K;CEF30K;RONDONIA;MAO-DE-OBRA;1083;Elo Fusível (peça).;1.0;1.0;
;ELO FUSIVEL DE DISTRIBUICAO 500MM 30K;CEF30K;RONDONIA;MATERIAL;90509;ELO FUSIVEL DISTRIBUICAO TIPO K 30A 500MM;1.0;1.0;
;ELO FUSIVEL DE DISTRIBUICAO 500MM 3H;CEF3H;RONDONIA;MAO-DE-OBRA;1083;Elo Fusível (peça).;1.0;1.0;
;ELO FUSIVEL DE DISTRIBUICAO 500MM 3H;CEF3H;RONDONIA;MATERIAL;90500;ELO FUSIVEL DISTRIBUICAO TIPO H 3A 500MM;1.0;1.0;
;ELO FUSIVEL DE DISTRIBUICAO 500MM 40K;CEF40K;RONDONIA;MAO-DE-OBRA;1083;Elo Fusível (peça).;1.0;1.0;
;ELO FUSIVEL DE DISTRIBUICAO 500MM 40K;CEF40K;RONDONIA;MATERIAL;90510;ELO FUSIVEL DISTRIBUICAO TIPO K 40A 500MM;1.0;1.0;
;ELO FUSIVEL DE DISTRIBUICAO 500MM 5H;CEF5H;RONDONIA;MAO-DE-OBRA;1083;Elo Fusível (peça).;1.0;1.0;
;ELO FUSIVEL DE DISTRIBUICAO 500MM 5H;CEF5H;RONDONIA;MATERIAL;90501;ELO FUSIVEL DISTRIBUICAO TIPO H 5A 500MM;1.0;1.0;
;ELO FUSIVEL DE DISTRIBUICAO 500MM 6K;CEF6K;RONDONIA;MAO-DE-OBRA;1083;Elo Fusível (peça).;1.0;1.0;
;ELO FUSIVEL DE DISTRIBUICAO 500MM 6K;CEF6K;RONDONIA;MATERIAL;90502;ELO FUSIVEL DISTRIBUICAO TIPO K 6A 500MM;1.0;1.0;
;1 ESPACADOR LOSANGULAR POLIMERICO;CESPLOS;RONDONIA;MAO-DE-OBRA;1186;Espaçador em rede protegida - Losangular;1.0;1.0;
;1 ESPACADOR LOSANGULAR POLIMERICO;CESPLOS;RONDONIA;MATERIAL;90567;ESPACADOR LOSANGULAR PEAD 15KV 340X460MM TRAV CNZ/PRT;1.0;1.0;
;INSTALAR CHAVE FACA - APENAS MAO DE OBRA;CHAVE FACA-MO;RONDONIA;MAO-DE-OBRA;1080;Chave-faca (peça).;1.0;1.0;
RCFU;INSTALAR CHAVE FUSIVEL POR PEÇA;CHAVE-MO;RONDONIA;MAO-DE-OBRA;1082;Chave-fusível (peça).;1.0;1.0;
;CHAVE SECC EST 15KV 400A 1 F MAN SECO BY-PASS;CHF400ABP;RONDONIA;MAO-DE-OBRA;1080;Chave-faca (peça).;1.0;1.0;
;CHAVE SECC EST 15KV 400A 1 F MAN SECO BY-PASS;CHF400ABP;RONDONIA;MATERIAL;90545;CHAVE SECC BY-PASS DST 1F PORC 11,4/13,8KV 400A MAN SEC DIR;1.0;1.0;
;CHAVE SECC EST 15KV 400A 1 F MAN SECO BY-PASS;CHF400ABP;RONDONIA;MATERIAL;90833;SUPORTE INCL 30GR CHAVE ACO-GALV 15KV 220X235X80MM 400DAN;1.0;1.0;
;CHAVE FUSIVEL RELIGADORA 15KV-100A-3I;CHFUSREL-MO;RONDONIA;MAO-DE-OBRA;1227;Chave Fusível Religadora;1.0;1.0;
;CONEXÃO REDE BT (TRIFASICA) MULTIPLEX CB 120 X CB 120;CP120-120;RONDONIA;MAO-DE-OBRA;1120;Conexão Tipo de aperto, por peça.;3.0;3.0;
CP120;CONEXÃO REDE BT (TRIFASICA) MULTIPLEX CB 120 X CB 120;CP120-120;RONDONIA;MATERIAL;90356;CONECTOR DERIV PERFURAT C/C 1,0KV 35-120MM2/35-120MM2;3.0;3.0;
;CONEXÃO REDE BT (TRIFASICA) MULTIPLEX CB 35 X CB 120;CP35-120;RONDONIA;MAO-DE-OBRA;1120;Conexão Tipo de aperto, por peça.;3.0;3.0;
CP12035;CONEXÃO REDE BT (TRIFASICA) MULTIPLEX CB 35 X CB 120;CP35-120;RONDONIA;MATERIAL;90355;CONECTOR DERIV PERFURAT C/C 1,0KV 35-120MM2/10-35MM2;3.0;3.0;
;CONEXÃO REDE BT (TRIFASICA) MULTIPLEX CB 35 X CB 35;CP35-35;RONDONIA;MAO-DE-OBRA;1120;Conexão Tipo de aperto, por peça.;3.0;3.0;
CP35;CONEXÃO REDE BT (TRIFASICA) MULTIPLEX CB 35 X CB 35;CP35-35;RONDONIA;MATERIAL;90353;CONECTOR DERIV PERFURAT C/C 1,0KV 16-120MM2/4-35MM2;3.0;3.0;
;CONEXÃO REDE BT (TRIFASICA) MULTIPLEX CB 35 X CB 70;CP35-70;RONDONIA;MAO-DE-OBRA;1120;Conexão Tipo de aperto, por peça.;3.0;3.0;
CP7035;CONEXÃO REDE BT (TRIFASICA) MULTIPLEX CB 35 X CB 70;CP35-70;RONDONIA;MATERIAL;90353;CONECTOR DERIV PERFURAT C/C 1,0KV 16-120MM2/4-35MM2;3.0;3.0;
;CONEXÃO REDE BT (TRIFASICA) MULTIPLEX CB 70 X CB 120;CP70-120;RONDONIA;MAO-DE-OBRA;1120;Conexão Tipo de aperto, por peça.;3.0;3.0;
CP12070;CONEXÃO REDE BT (TRIFASICA) MULTIPLEX CB 70 X CB 120;CP70-120;RONDONIA;MATERIAL;90356;CONECTOR DERIV PERFURAT C/C 1,0KV 35-120MM2/35-120MM2;3.0;3.0;
;CONEXÃO REDE BT (TRIFASICA) MULTIPLEX CB 70 X CB 70;CP70-70;RONDONIA;MAO-DE-OBRA;1120;Conexão Tipo de aperto, por peça.;3.0;3.0;
CP70;CONEXÃO REDE BT (TRIFASICA) MULTIPLEX CB 70 X CB 70;CP70-70;RONDONIA;MATERIAL;90354;CONECTOR DERIV PERFURAT C/C 1,0KV 25-95MM2/25-95MM2;3.0;3.0;
RETMULT;RETENSIONAMENTO CB MULTIPLEX;CRETMULT;RONDONIA;MAO-DE-OBRA;1113;Retensionamento e Nivelamento Cabo Multiplex ,por metro;1.0;1.0;
;CRUZETA CONCRETO;CRUZETA CONC;RONDONIA;MATERIAL;90662;CRUZETA DISTR CONCR TIPO RETAN 2400MM 90X115MM 400DAN CAA2;1.0;1.0;
;CRUZETA POLIMERICA;CRUZETA POLI;RONDONIA;MATERIAL;90404;CRUZETA DISTR PRFV RETANG 90X112,5MM 2400MM 400DAN;1.0;1.0;
;SUPORTE PARA BANCO CAPACITOR ATÉ 6 CÉLULAS;CSUPCAP6UN;RONDONIA;MAO-DE-OBRA;9094;INST ESTRUT SUPORTE EQUIPAMENTO;1.0;1.0;
;SUPORTE PARA BANCO CAPACITOR ATÉ 6 CÉLULAS;CSUPCAP6UN;RONDONIA;MATERIAL;90891;SUPORTE P/ BCO DISTR ACO-GALV 6UN 2100X500X500MM;1.0;1.0;
TR13;TRAFO MONO 3 KVA;CTR103;RONDONIA;MAO-DE-OBRA;1071;Trafo Monofasico;1.0;1.0;
;TRAFO MONO 3 KVA;CTR103;RONDONIA;MATERIAL;8390;TRANSF DIST MONO 7.9KV 3KVA;1.0;1.0;
FAIXA;DESMATAMENTO E LIMPEZA DE FAIXA;FAIXA;RONDONIA;MAO-DE-OBRA;1205;Desmatamento de faixa e aceiro dos postes em 1Km de faixa de LDR;0.001;0.001;
FLY;Refazer FLY BT ou MT;FLY-MO;RONDONIA;MAO-DE-OBRA;1122;Flying-tap primário ou secundário.;1.0;1.0;
;FLY RD/BT PARA CB 1/0 AWG A CB CB 1/0 AWG;FLY10-10;RONDONIA;MAO-DE-OBRA;1119;Conexão Tipo compressão, por peça.;8.0;8.0;
;FLY RD/BT PARA CB 1/0 AWG A CB CB 1/0 AWG;FLY10-10;RONDONIA;MAO-DE-OBRA;1122;Flying-tap primário ou secundário.;1.0;1.0;
;FLY RD/BT PARA CB 1/0 AWG A CB CB 1/0 AWG;FLY10-10;RONDONIA;MATERIAL;90481;CONECTOR DERIV COMPR ALUM H3 8,30-11,90MM/8,30-11,90MM;8.0;8.0;
;FLY RD/BT PARA CB 1/0 AWG A CB CB 4/0 AWG;FLY10-40;RONDONIA;MAO-DE-OBRA;1119;Conexão Tipo compressão, por peça.;8.0;8.0;
;FLY RD/BT PARA CB 1/0 AWG A CB CB 4/0 AWG;FLY10-40;RONDONIA;MAO-DE-OBRA;1122;Flying-tap primário ou secundário.;1.0;1.0;
;FLY RD/BT PARA CB 1/0 AWG A CB CB 4/0 AWG;FLY10-40;RONDONIA;MATERIAL;90482;CONECTOR DERIV COMPR ALUM H4 11,70-14,30MM/8,30-11,90MM;8.0;8.0;
;FLY RD/BT PARA CB 120MM A CB 120MM (4/0 AWG);FLY120-120;RONDONIA;MAO-DE-OBRA;1119;Conexão Tipo compressão, por peça.;2.0;2.0;
;FLY RD/BT PARA CB 120MM A CB 120MM (4/0 AWG);FLY120-120;RONDONIA;MAO-DE-OBRA;1120;Conexão Tipo de aperto, por peça.;6.0;6.0;
;FLY RD/BT PARA CB 120MM A CB 120MM (4/0 AWG);FLY120-120;RONDONIA;MAO-DE-OBRA;1122;Flying-tap primário ou secundário.;1.0;1.0;
;FLY RD/BT PARA CB 120MM A CB 120MM (4/0 AWG);FLY120-120;RONDONIA;MATERIAL;90481;CONECTOR DERIV COMPR ALUM H3 8,30-11,90MM/8,30-11,90MM;2.0;2.0;
;FLY RD/BT PARA CB 120MM A CB 120MM (4/0 AWG);FLY120-120;RONDONIA;MATERIAL;90356;CONECTOR DERIV PERFURAT C/C 1,0KV 35-120MM2/35-120MM2;6.0;6.0;
;FLY RD PROT. CB 185 X CB 185;FLY185-185P;RONDONIA;MAO-DE-OBRA;1118;Conexão Tipo com Cunha, por peça.;6.0;6.0;
;FLY RD PROT. CB 185 X CB 185;FLY185-185P;RONDONIA;MAO-DE-OBRA;1122;Flying-tap primário ou secundário.;1.0;1.0;
;FLY RD PROT. CB 185 X CB 185;FLY185-185P;RONDONIA;MATERIAL;90888;CAPA PROT CONECTOR CUNHA 15KV 166X100MM SERIE AZUL;6.0;6.0;
;FLY RD PROT. CB 185 X CB 185;FLY185-185P;RONDONIA;MATERIAL;90487;CARTUCHO CONECTOR CUNHA METAL 14,8X5,7X7,0MM AZUL;6.0;6.0;
;FLY RD PROT. CB 185 X CB 185;FLY185-185P;RONDONIA;MATERIAL;90796;CONECTOR CUNHA ALUM CN-02 15,24-17,37/11,68-17,37MM AZL;6.0;6.0;
;FLY RD PROT. CB 185 X CB 185;FLY185-185P;RONDONIA;MATERIAL;32262;SEPARADOR VERTICAL DE 15 KV;4.0;4.0;
;FLY RD/BT PARA CB 2 AWG A CB CB 1/0 AWG;FLY2-10;RONDONIA;MAO-DE-OBRA;1119;Conexão Tipo compressão, por peça.;8.0;8.0;
;FLY RD/BT PARA CB 2 AWG A CB CB 1/0 AWG;FLY2-10;RONDONIA;MAO-DE-OBRA;1122;Flying-tap primário ou secundário.;1.0;1.0;
;FLY RD/BT PARA CB 2 AWG A CB CB 1/0 AWG;FLY2-10;RONDONIA;MATERIAL;90480;CONECTOR DERIV COMPR ALUM H2 6,40-8,40MM/4,10-8,40MM;4.0;4.0;
;FLY RD/BT PARA CB 2 AWG A CB CB 1/0 AWG;FLY2-10;RONDONIA;MATERIAL;90481;CONECTOR DERIV COMPR ALUM H3 8,30-11,90MM/8,30-11,90MM;4.0;4.0;
;FLY RD/BT PARA CB 2 AWG A CB CB 2 AWG;FLY2-2;RONDONIA;MAO-DE-OBRA;1119;Conexão Tipo compressão, por peça.;8.0;8.0;
;FLY RD/BT PARA CB 2 AWG A CB CB 2 AWG;FLY2-2;RONDONIA;MAO-DE-OBRA;1122;Flying-tap primário ou secundário.;1.0;1.0;
;FLY RD/BT PARA CB 2 AWG A CB CB 2 AWG;FLY2-2;RONDONIA;MATERIAL;90479;CONECTOR DERIV COMPR ALUM H1 4,10-8,40MM/4,10-8,40MM;8.0;8.0;
;FLY RD/BT PARA CB 2 AWG A CB CB 4/0 AWG;FLY2-40;RONDONIA;MAO-DE-OBRA;1119;Conexão Tipo compressão, por peça.;8.0;8.0;
;FLY RD/BT PARA CB 2 AWG A CB CB 4/0 AWG;FLY2-40;RONDONIA;MAO-DE-OBRA;1122;Flying-tap primário ou secundário.;1.0;1.0;
;FLY RD/BT PARA CB 2 AWG A CB CB 4/0 AWG;FLY2-40;RONDONIA;MATERIAL;90485;CONECTOR DERIV COMPR ALUM H7 13,20-21,80MM/4,10-11,40MM;8.0;8.0;
;FLY RD/BT PARA CB 35MM A CB 120MM;FLY35-120;RONDONIA;MAO-DE-OBRA;1119;Conexão Tipo compressão, por peça.;2.0;2.0;
;FLY RD/BT PARA CB 35MM A CB 120MM;FLY35-120;RONDONIA;MAO-DE-OBRA;1120;Conexão Tipo de aperto, por peça.;6.0;6.0;
;FLY RD/BT PARA CB 35MM A CB 120MM;FLY35-120;RONDONIA;MAO-DE-OBRA;1122;Flying-tap primário ou secundário.;1.0;1.0;
;FLY RD/BT PARA CB 35MM A CB 120MM;FLY35-120;RONDONIA;MATERIAL;90480;CONECTOR DERIV COMPR ALUM H2 6,40-8,40MM/4,10-8,40MM;1.0;1.0;
;FLY RD/BT PARA CB 35MM A CB 120MM;FLY35-120;RONDONIA;MATERIAL;90481;CONECTOR DERIV COMPR ALUM H3 8,30-11,90MM/8,30-11,90MM;1.0;1.0;
;FLY RD/BT PARA CB 35MM A CB 120MM;FLY35-120;RONDONIA;MATERIAL;90355;CONECTOR DERIV PERFURAT C/C 1,0KV 35-120MM2/10-35MM2;3.0;3.0;
;FLY RD/BT PARA CB 35MM A CB 120MM;FLY35-120;RONDONIA;MATERIAL;90356;CONECTOR DERIV PERFURAT C/C 1,0KV 35-120MM2/35-120MM2;3.0;3.0;
;FLY RD/BT PARA CB 35MM A CB 35MM;FLY35-35;RONDONIA;MAO-DE-OBRA;1119;Conexão Tipo compressão, por peça.;2.0;2.0;
;FLY RD/BT PARA CB 35MM A CB 35MM;FLY35-35;RONDONIA;MAO-DE-OBRA;1120;Conexão Tipo de aperto, por peça.;6.0;6.0;
;FLY RD/BT PARA CB 35MM A CB 35MM;FLY35-35;RONDONIA;MAO-DE-OBRA;1122;Flying-tap primário ou secundário.;1.0;1.0;
;FLY RD/BT PARA CB 35MM A CB 35MM;FLY35-35;RONDONIA;MATERIAL;90479;CONECTOR DERIV COMPR ALUM H1 4,10-8,40MM/4,10-8,40MM;2.0;2.0;
;FLY RD/BT PARA CB 35MM A CB 35MM;FLY35-35;RONDONIA;MATERIAL;90353;CONECTOR DERIV PERFURAT C/C 1,0KV 16-120MM2/4-35MM2;6.0;6.0;
;FLY RD/BT PARA CB 35MM A CB 70MM;FLY35-70;RONDONIA;MAO-DE-OBRA;1119;Conexão Tipo compressão, por peça.;2.0;2.0;
;FLY RD/BT PARA CB 35MM A CB 70MM;FLY35-70;RONDONIA;MAO-DE-OBRA;1120;Conexão Tipo de aperto, por peça.;6.0;6.0;
;FLY RD/BT PARA CB 35MM A CB 70MM;FLY35-70;RONDONIA;MAO-DE-OBRA;1122;Flying-tap primário ou secundário.;1.0;1.0;
;FLY RD/BT PARA CB 35MM A CB 70MM;FLY35-70;RONDONIA;MATERIAL;90480;CONECTOR DERIV COMPR ALUM H2 6,40-8,40MM/4,10-8,40MM;1.0;1.0;
;FLY RD/BT PARA CB 35MM A CB 70MM;FLY35-70;RONDONIA;MATERIAL;90481;CONECTOR DERIV COMPR ALUM H3 8,30-11,90MM/8,30-11,90MM;1.0;1.0;
;FLY RD/BT PARA CB 35MM A CB 70MM;FLY35-70;RONDONIA;MATERIAL;90353;CONECTOR DERIV PERFURAT C/C 1,0KV 16-120MM2/4-35MM2;3.0;3.0;
;FLY RD/BT PARA CB 35MM A CB 70MM;FLY35-70;RONDONIA;MATERIAL;90354;CONECTOR DERIV PERFURAT C/C 1,0KV 25-95MM2/25-95MM2;3.0;3.0;
;FLY RD/BT PARA CB 4/0 (AWG) A CB 4/0 (AWG);FLY40-40;RONDONIA;MAO-DE-OBRA;1119;Conexão Tipo compressão, por peça.;8.0;8.0;
;FLY RD/BT PARA CB 4/0 (AWG) A CB 4/0 (AWG);FLY40-40;RONDONIA;MAO-DE-OBRA;1122;Flying-tap primário ou secundário.;1.0;1.0;
;FLY RD/BT PARA CB 4/0 (AWG) A CB 4/0 (AWG);FLY40-40;RONDONIA;MATERIAL;90483;CONECTOR DERIV COMPR ALUM H5 11,70-14,30MM/11,70-14,30MM;8.0;8.0;
;FLY RD PROT. CB 50 X CB 120;FLY50-120P;RONDONIA;MAO-DE-OBRA;1118;Conexão Tipo com Cunha, por peça.;6.0;6.0;
;FLY RD PROT. CB 50 X CB 120;FLY50-120P;RONDONIA;MAO-DE-OBRA;1122;Flying-tap primário ou secundário.;1.0;1.0;
;FLY RD PROT. CB 50 X CB 120;FLY50-120P;RONDONIA;MATERIAL;90888;CAPA PROT CONECTOR CUNHA 15KV 166X100MM SERIE AZUL;6.0;6.0;
;FLY RD PROT. CB 50 X CB 120;FLY50-120P;RONDONIA;MATERIAL;90487;CARTUCHO CONECTOR CUNHA METAL 14,8X5,7X7,0MM AZUL;6.0;6.0;
;FLY RD PROT. CB 50 X CB 120;FLY50-120P;RONDONIA;MATERIAL;90798;CONECTOR CUNHA ALUM CN-15 10,40-14,53/10,40-14,53MM AZL;6.0;6.0;
;FLY RD PROT. CB 50 X CB 120;FLY50-120P;RONDONIA;MATERIAL;32262;SEPARADOR VERTICAL DE 15 KV;4.0;4.0;
;FLY RD PROT. CB 50 X CB 185;FLY50-185P;RONDONIA;MAO-DE-OBRA;1118;Conexão Tipo com Cunha, por peça.;6.0;6.0;
;FLY RD PROT. CB 50 X CB 185;FLY50-185P;RONDONIA;MAO-DE-OBRA;1122;Flying-tap primário ou secundário.;1.0;1.0;
;FLY RD PROT. CB 50 X CB 185;FLY50-185P;RONDONIA;MATERIAL;90888;CAPA PROT CONECTOR CUNHA 15KV 166X100MM SERIE AZUL;6.0;6.0;
;FLY RD PROT. CB 50 X CB 185;FLY50-185P;RONDONIA;MATERIAL;90487;CARTUCHO CONECTOR CUNHA METAL 14,8X5,7X7,0MM AZUL;6.0;6.0;
;FLY RD PROT. CB 50 X CB 185;FLY50-185P;RONDONIA;MATERIAL;90798;CONECTOR CUNHA ALUM CN-15 10,40-14,53/10,40-14,53MM AZL;6.0;6.0;
;FLY RD PROT. CB 50 X CB 185;FLY50-185P;RONDONIA;MATERIAL;32262;SEPARADOR VERTICAL DE 15 KV;4.0;4.0;
;FLY RD PROT. CB 50 X CB 50;FLY50-50P;RONDONIA;MAO-DE-OBRA;1118;Conexão Tipo com Cunha, por peça.;6.0;6.0;
;FLY RD PROT. CB 50 X CB 50;FLY50-50P;RONDONIA;MAO-DE-OBRA;1122;Flying-tap primário ou secundário.;1.0;1.0;
;FLY RD PROT. CB 50 X CB 50;FLY50-50P;RONDONIA;MATERIAL;90888;CAPA PROT CONECTOR CUNHA 15KV 166X100MM SERIE AZUL;6.0;6.0;
;FLY RD PROT. CB 50 X CB 50;FLY50-50P;RONDONIA;MATERIAL;90487;CARTUCHO CONECTOR CUNHA METAL 14,8X5,7X7,0MM AZUL;6.0;6.0;
;FLY RD PROT. CB 50 X CB 50;FLY50-50P;RONDONIA;MATERIAL;90791;CONECTOR CUNHA ALUM CN-10 8,23-14,53/4,11-11,79MM AZL;6.0;6.0;
;FLY RD PROT. CB 50 X CB 50;FLY50-50P;RONDONIA;MATERIAL;32262;SEPARADOR VERTICAL DE 15 KV;4.0;4.0;
;FLY RD PROT. CB 50 X CB 50;FLY50-70P;RONDONIA;MAO-DE-OBRA;1118;Conexão Tipo com Cunha, por peça.;6.0;6.0;
;FLY RD PROT. CB 50 X CB 50;FLY50-70P;RONDONIA;MAO-DE-OBRA;1122;Flying-tap primário ou secundário.;1.0;1.0;
;FLY RD PROT. CB 50 X CB 50;FLY50-70P;RONDONIA;MATERIAL;90888;CAPA PROT CONECTOR CUNHA 15KV 166X100MM SERIE AZUL;6.0;6.0;
;FLY RD PROT. CB 50 X CB 50;FLY50-70P;RONDONIA;MATERIAL;90487;CARTUCHO CONECTOR CUNHA METAL 14,8X5,7X7,0MM AZUL;6.0;6.0;
;FLY RD PROT. CB 50 X CB 50;FLY50-70P;RONDONIA;MATERIAL;90791;CONECTOR CUNHA ALUM CN-10 8,23-14,53/4,11-11,79MM AZL;3.0;3.0;
;FLY RD PROT. CB 50 X CB 50;FLY50-70P;RONDONIA;MATERIAL;32262;SEPARADOR VERTICAL DE 15 KV;4.0;4.0;
;FLY RD/BT PARA CB 70MM A CB 120MM;FLY70-120;RONDONIA;MAO-DE-OBRA;1119;Conexão Tipo compressão, por peça.;2.0;2.0;
;FLY RD/BT PARA CB 70MM A CB 120MM;FLY70-120;RONDONIA;MAO-DE-OBRA;1120;Conexão Tipo de aperto, por peça.;6.0;6.0;
;FLY RD/BT PARA CB 70MM A CB 120MM;FLY70-120;RONDONIA;MAO-DE-OBRA;1122;Flying-tap primário ou secundário.;1.0;1.0;
;FLY RD/BT PARA CB 70MM A CB 120MM;FLY70-120;RONDONIA;MATERIAL;90481;CONECTOR DERIV COMPR ALUM H3 8,30-11,90MM/8,30-11,90MM;2.0;2.0;
;FLY RD/BT PARA CB 70MM A CB 120MM;FLY70-120;RONDONIA;MATERIAL;90356;CONECTOR DERIV PERFURAT C/C 1,0KV 35-120MM2/35-120MM2;6.0;6.0;
;FLY RD PROT. CB 70 X CB 120;FLY70-120P;RONDONIA;MAO-DE-OBRA;1118;Conexão Tipo com Cunha, por peça.;6.0;6.0;
;FLY RD PROT. CB 70 X CB 120;FLY70-120P;RONDONIA;MAO-DE-OBRA;1122;Flying-tap primário ou secundário.;1.0;1.0;
;FLY RD PROT. CB 70 X CB 120;FLY70-120P;RONDONIA;MATERIAL;90888;CAPA PROT CONECTOR CUNHA 15KV 166X100MM SERIE AZUL;6.0;6.0;
;FLY RD PROT. CB 70 X CB 120;FLY70-120P;RONDONIA;MATERIAL;90487;CARTUCHO CONECTOR CUNHA METAL 14,8X5,7X7,0MM AZUL;6.0;6.0;
;FLY RD PROT. CB 70 X CB 120;FLY70-120P;RONDONIA;MATERIAL;90798;CONECTOR CUNHA ALUM CN-15 10,40-14,53/10,40-14,53MM AZL;6.0;6.0;
;FLY RD PROT. CB 70 X CB 120;FLY70-120P;RONDONIA;MATERIAL;32262;SEPARADOR VERTICAL DE 15 KV;4.0;4.0;
;FLY RD PROT. CB 70 X CB 185;FLY70-185P;RONDONIA;MAO-DE-OBRA;1118;Conexão Tipo com Cunha, por peça.;6.0;6.0;
;FLY RD PROT. CB 70 X CB 185;FLY70-185P;RONDONIA;MAO-DE-OBRA;1122;Flying-tap primário ou secundário.;1.0;1.0;
;FLY RD PROT. CB 70 X CB 185;FLY70-185P;RONDONIA;MATERIAL;90888;CAPA PROT CONECTOR CUNHA 15KV 166X100MM SERIE AZUL;6.0;6.0;
;FLY RD PROT. CB 70 X CB 185;FLY70-185P;RONDONIA;MATERIAL;90487;CARTUCHO CONECTOR CUNHA METAL 14,8X5,7X7,0MM AZUL;6.0;6.0;
;FLY RD PROT. CB 70 X CB 185;FLY70-185P;RONDONIA;MATERIAL;90798;CONECTOR CUNHA ALUM CN-15 10,40-14,53/10,40-14,53MM AZL;6.0;6.0;
;FLY RD PROT. CB 70 X CB 185;FLY70-185P;RONDONIA;MATERIAL;32262;SEPARADOR VERTICAL DE 15 KV;4.0;4.0;
;FLY RD/BT PARA CB 70MM A CB 70MM;FLY70-70;RONDONIA;MAO-DE-OBRA;1119;Conexão Tipo compressão, por peça.;2.0;2.0;
;FLY RD/BT PARA CB 70MM A CB 70MM;FLY70-70;RONDONIA;MAO-DE-OBRA;1120;Conexão Tipo de aperto, por peça.;6.0;6.0;
;FLY RD/BT PARA CB 70MM A CB 70MM;FLY70-70;RONDONIA;MAO-DE-OBRA;1122;Flying-tap primário ou secundário.;1.0;1.0;
;FLY RD/BT PARA CB 70MM A CB 70MM;FLY70-70;RONDONIA;MATERIAL;90481;CONECTOR DERIV COMPR ALUM H3 8,30-11,90MM/8,30-11,90MM;2.0;2.0;
;FLY RD/BT PARA CB 70MM A CB 70MM;FLY70-70;RONDONIA;MATERIAL;90354;CONECTOR DERIV PERFURAT C/C 1,0KV 25-95MM2/25-95MM2;6.0;6.0;
;FLY RD PROT. CB 70 X CB 70;FLY70-70P;RONDONIA;MAO-DE-OBRA;1118;Conexão Tipo com Cunha, por peça.;6.0;6.0;
;FLY RD PROT. CB 70 X CB 70;FLY70-70P;RONDONIA;MAO-DE-OBRA;1122;Flying-tap primário ou secundário.;1.0;1.0;
;FLY RD PROT. CB 70 X CB 70;FLY70-70P;RONDONIA;MATERIAL;90888;CAPA PROT CONECTOR CUNHA 15KV 166X100MM SERIE AZUL;6.0;6.0;
;FLY RD PROT. CB 70 X CB 70;FLY70-70P;RONDONIA;MATERIAL;90487;CARTUCHO CONECTOR CUNHA METAL 14,8X5,7X7,0MM AZUL;6.0;6.0;
;FLY RD PROT. CB 70 X CB 70;FLY70-70P;RONDONIA;MATERIAL;90798;CONECTOR CUNHA ALUM CN-15 10,40-14,53/10,40-14,53MM AZL;6.0;6.0;
;FLY RD PROT. CB 70 X CB 70;FLY70-70P;RONDONIA;MATERIAL;32262;SEPARADOR VERTICAL DE 15 KV;4.0;4.0;
GLV10;GRAMPO DE LINHA VIVA;GLV10;RONDONIA;MAO-DE-OBRA;1118;Conexão Tipo com Cunha, por peça.;1.0;1.0;
;GRAMPO DE LINHA VIVA;GLV10;RONDONIA;MAO-DE-OBRA;1119;Conexão Tipo compressão, por peça.;1.0;1.0;
;GRAMPO DE LINHA VIVA;GLV10;RONDONIA;MATERIAL;90658;ALCA ESTRIBO NORM COMPR COBRE 150A 86X131MM 6,5MM;1.0;1.0;
;GRAMPO DE LINHA VIVA;GLV10;RONDONIA;MATERIAL;90487;CARTUCHO CONECTOR CUNHA METAL 14,8X5,7X7,0MM AZUL;1.0;1.0;
;GRAMPO DE LINHA VIVA;GLV10;RONDONIA;MATERIAL;90791;CONECTOR CUNHA ALUM CN-10 8,23-14,53/4,11-11,79MM AZL;1.0;1.0;
;GRAMPO DE LINHA VIVA;GLV10;RONDONIA;MATERIAL;90460;CONECTOR GRAMPO LINHA VIVA COBR 2-1/0AWG/8-2/0AWG 100A;1.0;1.0;
GLV120;GRAMPO DE LINHA VIVA;GLV120P;RONDONIA;MAO-DE-OBRA;1118;Conexão Tipo com Cunha, por peça.;3.0;3.0;
;GRAMPO DE LINHA VIVA;GLV120P;RONDONIA;MAO-DE-OBRA;1119;Conexão Tipo compressão, por peça.;3.0;3.0;
;GRAMPO DE LINHA VIVA;GLV120P;RONDONIA;MATERIAL;90658;ALCA ESTRIBO NORM COMPR COBRE 150A 86X131MM 6,5MM;3.0;3.0;
;GRAMPO DE LINHA VIVA;GLV120P;RONDONIA;MATERIAL;90487;CARTUCHO CONECTOR CUNHA METAL 14,8X5,7X7,0MM AZUL;3.0;3.0;
;GRAMPO DE LINHA VIVA;GLV120P;RONDONIA;MATERIAL;90458;COBERTURA PROT GLV PEAD 325X220MM 36,2KV CNZ;3.0;3.0;
;GRAMPO DE LINHA VIVA;GLV120P;RONDONIA;MATERIAL;90790;CONECTOR CUNHA ALUM CN-06 9,25-14,53/6,55-14,53MM AZL;3.0;3.0;
;GRAMPO DE LINHA VIVA;GLV120P;RONDONIA;MATERIAL;90460;CONECTOR GRAMPO LINHA VIVA COBR 2-1/0AWG/8-2/0AWG 100A;3.0;3.0;
GLV185;GRAMPO DE LINHA VIVA;GLV185P;RONDONIA;MAO-DE-OBRA;1118;Conexão Tipo com Cunha, por peça.;3.0;3.0;
;GRAMPO DE LINHA VIVA;GLV185P;RONDONIA;MAO-DE-OBRA;1119;Conexão Tipo compressão, por peça.;3.0;3.0;
;GRAMPO DE LINHA VIVA;GLV185P;RONDONIA;MATERIAL;90658;ALCA ESTRIBO NORM COMPR COBRE 150A 86X131MM 6,5MM;3.0;3.0;
;GRAMPO DE LINHA VIVA;GLV185P;RONDONIA;MATERIAL;90486;CARTUCHO CONECTOR CUNHA METAL 24,3X5,7X7,0MM AMARELO;3.0;3.0;
;GRAMPO DE LINHA VIVA;GLV185P;RONDONIA;MATERIAL;90458;COBERTURA PROT GLV PEAD 325X220MM 36,2KV CNZ;3.0;3.0;
;GRAMPO DE LINHA VIVA;GLV185P;RONDONIA;MATERIAL;90348;CONECTOR CUNHA CB-EST ALUM 14,88-16,30MM 1/0AWG AM;3.0;3.0;
;GRAMPO DE LINHA VIVA;GLV185P;RONDONIA;MATERIAL;90460;CONECTOR GRAMPO LINHA VIVA COBR 2-1/0AWG/8-2/0AWG 100A;3.0;3.0;
GLV2;GRAMPO DE LINHA VIVA;GLV2;RONDONIA;MAO-DE-OBRA;1118;Conexão Tipo com Cunha, por peça.;1.0;1.0;
;GRAMPO DE LINHA VIVA;GLV2;RONDONIA;MAO-DE-OBRA;1119;Conexão Tipo compressão, por peça.;1.0;1.0;
;GRAMPO DE LINHA VIVA;GLV2;RONDONIA;MATERIAL;90658;ALCA ESTRIBO NORM COMPR COBRE 150A 86X131MM 6,5MM;1.0;1.0;
;GRAMPO DE LINHA VIVA;GLV2;RONDONIA;MATERIAL;90487;CARTUCHO CONECTOR CUNHA METAL 14,8X5,7X7,0MM AZUL;1.0;1.0;
;GRAMPO DE LINHA VIVA;GLV2;RONDONIA;MATERIAL;90791;CONECTOR CUNHA ALUM CN-10 8,23-14,53/4,11-11,79MM AZL;1.0;1.0;
;GRAMPO DE LINHA VIVA;GLV2;RONDONIA;MATERIAL;90460;CONECTOR GRAMPO LINHA VIVA COBR 2-1/0AWG/8-2/0AWG 100A;1.0;1.0;
GLV20;GRAMPO DE LINHA VIVA;GLV20;RONDONIA;MAO-DE-OBRA;1118;Conexão Tipo com Cunha, por peça.;1.0;1.0;
;GRAMPO DE LINHA VIVA;GLV20;RONDONIA;MAO-DE-OBRA;1119;Conexão Tipo compressão, por peça.;1.0;1.0;
;GRAMPO DE LINHA VIVA;GLV20;RONDONIA;MATERIAL;90658;ALCA ESTRIBO NORM COMPR COBRE 150A 86X131MM 6,5MM;1.0;1.0;
;GRAMPO DE LINHA VIVA;GLV20;RONDONIA;MATERIAL;90487;CARTUCHO CONECTOR CUNHA METAL 14,8X5,7X7,0MM AZUL;1.0;1.0;
;GRAMPO DE LINHA VIVA;GLV20;RONDONIA;MATERIAL;90346;CONECTOR CUNHA CB-EST ALUM 9,06-11,34MM 2AWG AZ;1.0;1.0;
;GRAMPO DE LINHA VIVA;GLV20;RONDONIA;MATERIAL;90460;CONECTOR GRAMPO LINHA VIVA COBR 2-1/0AWG/8-2/0AWG 100A;1.0;1.0;
GLV4;GRAMPO DE LINHA VIVA;GLV4;RONDONIA;MAO-DE-OBRA;1118;Conexão Tipo com Cunha, por peça.;1.0;1.0;
;GRAMPO DE LINHA VIVA;GLV4;RONDONIA;MAO-DE-OBRA;1119;Conexão Tipo compressão, por peça.;1.0;1.0;
;GRAMPO DE LINHA VIVA;GLV4;RONDONIA;MATERIAL;90658;ALCA ESTRIBO NORM COMPR COBRE 150A 86X131MM 6,5MM;1.0;1.0;
;GRAMPO DE LINHA VIVA;GLV4;RONDONIA;MATERIAL;90488;CARTUCHO CONECTOR CUNHA METAL 14,8X5,7X7,0MM VERMELHO;1.0;1.0;
;GRAMPO DE LINHA VIVA;GLV4;RONDONIA;MATERIAL;90797;CONECTOR CUNHA ALUM CN-13 6,55-10,11/5,18-8,38MM VRM;1.0;1.0;
;GRAMPO DE LINHA VIVA;GLV4;RONDONIA;MATERIAL;90460;CONECTOR GRAMPO LINHA VIVA COBR 2-1/0AWG/8-2/0AWG 100A;1.0;1.0;
GLV40;GRAMPO DE LINHA VIVA;GLV40;RONDONIA;MAO-DE-OBRA;1118;Conexão Tipo com Cunha, por peça.;1.0;1.0;
;GRAMPO DE LINHA VIVA;GLV40;RONDONIA;MAO-DE-OBRA;1119;Conexão Tipo compressão, por peça.;1.0;1.0;
;GRAMPO DE LINHA VIVA;GLV40;RONDONIA;MATERIAL;90658;ALCA ESTRIBO NORM COMPR COBRE 150A 86X131MM 6,5MM;1.0;1.0;
;GRAMPO DE LINHA VIVA;GLV40;RONDONIA;MATERIAL;90487;CARTUCHO CONECTOR CUNHA METAL 14,8X5,7X7,0MM AZUL;1.0;1.0;
;GRAMPO DE LINHA VIVA;GLV40;RONDONIA;MATERIAL;90790;CONECTOR CUNHA ALUM CN-06 9,25-14,53/6,55-14,53MM AZL;1.0;1.0;
;GRAMPO DE LINHA VIVA;GLV40;RONDONIA;MATERIAL;90461;CONECTOR GRAMPO LINHA VIVA ALUM 35-120MM2/10-95MM2 400A;1.0;1.0;
GLV50;GRAMPO DE LINHA VIVA;GLV50P;RONDONIA;MAO-DE-OBRA;1118;Conexão Tipo com Cunha, por peça.;3.0;3.0;
;GRAMPO DE LINHA VIVA;GLV50P;RONDONIA;MAO-DE-OBRA;1119;Conexão Tipo compressão, por peça.;3.0;3.0;
;GRAMPO DE LINHA VIVA;GLV50P;RONDONIA;MATERIAL;90658;ALCA ESTRIBO NORM COMPR COBRE 150A 86X131MM 6,5MM;3.0;3.0;
;GRAMPO DE LINHA VIVA;GLV50P;RONDONIA;MATERIAL;90487;CARTUCHO CONECTOR CUNHA METAL 14,8X5,7X7,0MM AZUL;3.0;3.0;
;GRAMPO DE LINHA VIVA;GLV50P;RONDONIA;MATERIAL;90458;COBERTURA PROT GLV PEAD 325X220MM 36,2KV CNZ;3.0;3.0;
;GRAMPO DE LINHA VIVA;GLV50P;RONDONIA;MATERIAL;90791;CONECTOR CUNHA ALUM CN-10 8,23-14,53/4,11-11,79MM AZL;3.0;3.0;
;GRAMPO DE LINHA VIVA;GLV50P;RONDONIA;MATERIAL;90460;CONECTOR GRAMPO LINHA VIVA COBR 2-1/0AWG/8-2/0AWG 100A;3.0;3.0;
GLV70;GRAMPO DE LINHA VIVA;GLV70P;RONDONIA;MAO-DE-OBRA;1118;Conexão Tipo com Cunha, por peça.;3.0;3.0;
;GRAMPO DE LINHA VIVA;GLV70P;RONDONIA;MAO-DE-OBRA;1119;Conexão Tipo compressão, por peça.;3.0;3.0;
;GRAMPO DE LINHA VIVA;GLV70P;RONDONIA;MATERIAL;90658;ALCA ESTRIBO NORM COMPR COBRE 150A 86X131MM 6,5MM;3.0;3.0;
;GRAMPO DE LINHA VIVA;GLV70P;RONDONIA;MATERIAL;90487;CARTUCHO CONECTOR CUNHA METAL 14,8X5,7X7,0MM AZUL;3.0;3.0;
;GRAMPO DE LINHA VIVA;GLV70P;RONDONIA;MATERIAL;90458;COBERTURA PROT GLV PEAD 325X220MM 36,2KV CNZ;3.0;3.0;
;GRAMPO DE LINHA VIVA;GLV70P;RONDONIA;MATERIAL;90346;CONECTOR CUNHA CB-EST ALUM 9,06-11,34MM 2AWG AZ;3.0;3.0;
;GRAMPO DE LINHA VIVA;GLV70P;RONDONIA;MATERIAL;90460;CONECTOR GRAMPO LINHA VIVA COBR 2-1/0AWG/8-2/0AWG 100A;3.0;3.0;
IP;LUMINARIA PÚBLICA COM BRAÇO.;IP;RONDONIA;MAO-DE-OBRA;1138;Luminaria Pública com Braço.;1.0;1.0;
CE1LV;ESTRUTURA CE1 LV (SDMT);LVCE1;RONDONIA;MAO-DE-OBRA;62185;ESTRUTURA CE1 LV (SDMT);1.0;1.0;
;ESTRUTURA CE1A LV (SDMT);LVCE1A;RONDONIA;MAO-DE-OBRA;62216;ESTRUTURA CE1A LV (SDMT);1.0;1.0;
;ESTRUTURA CE2/ CE2H LV (SDMT);LVCE2;RONDONIA;MAO-DE-OBRA;62187;ESTRUTURA CE2/ CE2H LV (SDMT);1.0;1.0;
;ESTRUTURA CE3 LV (SDMT);LVCE3;RONDONIA;MAO-DE-OBRA;62191;ESTRUTURA CE3 LV (SDMT);1.0;1.0;
;ESTRUTURA CE4 LV (SDMT);LVCE4;RONDONIA;MAO-DE-OBRA;62196;ESTRUTURA CE4 LV (SDMT);1.0;1.0;
;CHAVE FACA <= 34,5 kV LV (SDMT) POR FASE;LVCHFACA;RONDONIA;MAO-DE-OBRA;62214;CHAVE FACA <= 34,5 kV LV (SDMT) POR FASE;1.0;1.0;
;GLV LV POR UN;LVGLV;RONDONIA;MAO-DE-OBRA;64081;GLV LV POR UN;1.0;1.0;
;ESTRUTURA B1/M1/N1/T1 CONCRETO LV (SDMT);LVN1;RONDONIA;MAO-DE-OBRA;60061;ESTRUTURA B1/M1/N1/T1 CONCRETO LV (SDMT);1.0;1.0;
;ESTRUTURA B2/ME2/N2/T2 CONCRETO LV (SDMT);LVN2;RONDONIA;MAO-DE-OBRA;60070;ESTRUTURA B2/ME2/N2/T2 CONCRETO LV (SDMT);1.0;1.0;
;ESTRUTURA B3/M3/N3/T3 CONCRETO LV (SDMT);LVN3;RONDONIA;MAO-DE-OBRA;60082;ESTRUTURA B3/M3/N3/T3 CONCRETO LV (SDMT);1.0;1.0;
;ESTRUTURA B4/M4/N4/T4 CONCRETO LV (SDMT);LVN4;RONDONIA;MAO-DE-OBRA;60098;ESTRUTURA B4/M4/N4/T4 CONCRETO LV (SDMT);1.0;1.0;
;COBERTURA PROTETORA LV (SDMT) POR FASE;LVPOSTE;RONDONIA;MAO-DE-OBRA;68049;COBERTURA PROTETORA LV (SDMT) POR FASE;1.0;1.0;
;ESTRUTURA U1 LV (SDMT);LVU1;RONDONIA;MAO-DE-OBRA;62241;ESTRUTURA U1 LV (SDMT);1.0;1.0;
;ESTRUTURA U2 LV (SDMT);LVU2;RONDONIA;MAO-DE-OBRA;62243;ESTRUTURA U2 LV (SDMT);1.0;1.0;
;ESTRUTURA U3 LV (SDMT);LVU3;RONDONIA;MAO-DE-OBRA;62245;ESTRUTURA U3 LV (SDMT);1.0;1.0;
;ESTRUTURA U4 LV (SDMT);LVU4;RONDONIA;MAO-DE-OBRA;62248;ESTRUTURA U4 LV (SDMT);1.0;1.0;
;MEDIDOR TRIFASICO ATIVO/REATIVO 120;MDTR120;RONDONIA;MATERIAL;42780;MEDIDOR TRIF.EN.ATIV/REAT 120/240V;1.0;1.0;
PR;INSTALR PARA RAIO POR PEÇA.;PARA RAIO-MO;RONDONIA;MAO-DE-OBRA;1084;Pára-raios (peça).;1.0;1.0;
PODA;PODA DE ARVORE EM RDU - POR UNIDADE;PODA;RONDONIA;MAO-DE-OBRA;1208;Poda de Arvore em RDU - por unidade.;1.0;1.0;
PR127;PARA-RAIOS DISTR BT POLIM 127V 10KA OX MT S/CENT RSI;PR127-2;RONDONIA;MAO-DE-OBRA;1117;Conexão Tipo ampactinho, por peça.;2.0;2.0;
;PARA-RAIOS DISTR BT POLIM 127V 10KA OX MT S/CENT RSI;PR127-2;RONDONIA;MAO-DE-OBRA;1120;Conexão Tipo de aperto, por peça.;2.0;2.0;
;PARA-RAIOS DISTR BT POLIM 127V 10KA OX MT S/CENT RSI;PR127-2;RONDONIA;MAO-DE-OBRA;1084;Pára-raios (peça).;2.0;2.0;
;PARA-RAIOS DISTR BT POLIM 127V 10KA OX MT S/CENT RSI;PR127-2;RONDONIA;MATERIAL;22491;CABO COBRE ISOL 750V 10MM;1.0;1.0;
;PARA-RAIOS DISTR BT POLIM 127V 10KA OX MT S/CENT RSI;PR127-2;RONDONIA;MATERIAL;90474;CONEC CUNHA RML COBR TP IV 2,54-6,55/1,27-4,65MM AZ;2.0;2.0;
;PARA-RAIOS DISTR BT POLIM 127V 10KA OX MT S/CENT RSI;PR127-2;RONDONIA;MATERIAL;90353;CONECTOR DERIV PERFURAT C/C 1,0KV 16-120MM2/4-35MM2;2.0;2.0;
;PARA-RAIOS DISTR BT POLIM 127V 10KA OX MT S/CENT RSI;PR127-2;RONDONIA;MATERIAL;90207;PARA-RAIOS DISTR BT POLIM 127V 10KA OX MT S/CENT RSI;2.0;2.0;
MD/LEVE;POSTE DE MADEIRA;PST MAD 11;RONDONIA;MAO-DE-OBRA;1015;Poste Limpo (sem mat. ou equip.) 12 >=P<= 600;1.0;1.0;
;POSTE DE MADEIRA;PST MAD 11;RONDONIA;MATERIAL;22241;POSTE DE MADEIRA;1.0;1.0;
;POSTE DE MADEIRA;PST MAD 9;RONDONIA;MAO-DE-OBRA;1015;Poste Limpo (sem mat. ou equip.) 12 >=P<= 600;1.0;1.0;
;POSTE DE MADEIRA;PST MAD 9;RONDONIA;MATERIAL;670110;POSTE DE MADEIRA;1.0;1.0;
MD/EUC;"POSTE EUC.TRATADO 10,00M ""L""";PST22653;RONDONIA;MAO-DE-OBRA;1015;Poste Limpo (sem mat. ou equip.) 12 >=P<= 600;1.0;1.0;
;"POSTE EUC.TRATADO 10,00M ""L""";PST22653;RONDONIA;MATERIAL;22653;"POSTE EUC.TRATADO 10,00M ""L""";1.0;1.0;
RAMAL;REINSTALAR RAMAL DE SERVICO;RAMAL-MO;RONDONIA;MAO-DE-OBRA;1166;Ramal de serviço Multiplex.;1.0;1.0;
RMAMA;RAMAL SERV MON - 1X10+10 (DUPLEX) PARA CABO 2 AWG;RAS10D2;RONDONIA;MAO-DE-OBRA;1117;Conexão Tipo ampactinho, por peça.;2.0;2.0;
;RAMAL SERV MON - 1X10+10 (DUPLEX) PARA CABO 2 AWG;RAS10D2;RONDONIA;MAO-DE-OBRA;1166;Ramal de serviço Multiplex.;1.0;1.0;
;RAMAL SERV MON - 1X10+10 (DUPLEX) PARA CABO 2 AWG;RAS10D2;RONDONIA;MATERIAL;90303;ALCA PREF SERV ACO-ZINC 3,90-4,30MM 345MM MRM;1.0;1.0;
;RAMAL SERV MON - 1X10+10 (DUPLEX) PARA CABO 2 AWG;RAS10D2;RONDONIA;MATERIAL;90472;CONEC CUNHA RML COBR TP II 3,17-8,12/3,17-5,21MM VD;2.0;2.0;
RMAM;RAMAL SERV.MONO.1X10+10 (DUPLEX) PERFURACAO;RAS10D35;RONDONIA;MAO-DE-OBRA;1117;Conexão Tipo ampactinho, por peça.;1.0;1.0;
;RAMAL SERV.MONO.1X10+10 (DUPLEX) PERFURACAO;RAS10D35;RONDONIA;MAO-DE-OBRA;1120;Conexão Tipo de aperto, por peça.;1.0;1.0;
;RAMAL SERV.MONO.1X10+10 (DUPLEX) PERFURACAO;RAS10D35;RONDONIA;MAO-DE-OBRA;1166;Ramal de serviço Multiplex.;1.0;1.0;
;RAMAL SERV.MONO.1X10+10 (DUPLEX) PERFURACAO;RAS10D35;RONDONIA;MATERIAL;90303;ALCA PREF SERV ACO-ZINC 3,90-4,30MM 345MM MRM;1.0;1.0;
;RAMAL SERV.MONO.1X10+10 (DUPLEX) PERFURACAO;RAS10D35;RONDONIA;MATERIAL;90472;CONEC CUNHA RML COBR TP II 3,17-8,12/3,17-5,21MM VD;1.0;1.0;
;RAMAL SERV.MONO.1X10+10 (DUPLEX) PERFURACAO;RAS10D35;RONDONIA;MATERIAL;90355;CONECTOR DERIV PERFURAT C/C 1,0KV 35-120MM2/10-35MM2;1.0;1.0;
RTAMA;RAMAL SERV MON - 3X10+10 (QUADRIPLEX) PARA CABO 2 AWG;RAS10Q2;RONDONIA;MAO-DE-OBRA;1117;Conexão Tipo ampactinho, por peça.;4.0;4.0;
;RAMAL SERV MON - 3X10+10 (QUADRIPLEX) PARA CABO 2 AWG;RAS10Q2;RONDONIA;MAO-DE-OBRA;1166;Ramal de serviço Multiplex.;1.0;1.0;
;RAMAL SERV MON - 3X10+10 (QUADRIPLEX) PARA CABO 2 AWG;RAS10Q2;RONDONIA;MATERIAL;90303;ALCA PREF SERV ACO-ZINC 3,90-4,30MM 345MM MRM;1.0;1.0;
;RAMAL SERV MON - 3X10+10 (QUADRIPLEX) PARA CABO 2 AWG;RAS10Q2;RONDONIA;MATERIAL;90472;CONEC CUNHA RML COBR TP II 3,17-8,12/3,17-5,21MM VD;4.0;4.0;
RTAM;RAMAL SERV.TRIF.3X10+10 (QUADRIPLEX) PERFURACAO;RAS10Q35;RONDONIA;MAO-DE-OBRA;1117;Conexão Tipo ampactinho, por peça.;1.0;1.0;
;RAMAL SERV.TRIF.3X10+10 (QUADRIPLEX) PERFURACAO;RAS10Q35;RONDONIA;MAO-DE-OBRA;1120;Conexão Tipo de aperto, por peça.;3.0;3.0;
;RAMAL SERV.TRIF.3X10+10 (QUADRIPLEX) PERFURACAO;RAS10Q35;RONDONIA;MAO-DE-OBRA;1166;Ramal de serviço Multiplex.;1.0;1.0;
;RAMAL SERV.TRIF.3X10+10 (QUADRIPLEX) PERFURACAO;RAS10Q35;RONDONIA;MATERIAL;90303;ALCA PREF SERV ACO-ZINC 3,90-4,30MM 345MM MRM;1.0;1.0;
;RAMAL SERV.TRIF.3X10+10 (QUADRIPLEX) PERFURACAO;RAS10Q35;RONDONIA;MATERIAL;90472;CONEC CUNHA RML COBR TP II 3,17-8,12/3,17-5,21MM VD;1.0;1.0;
;RAMAL SERV.TRIF.3X10+10 (QUADRIPLEX) PERFURACAO;RAS10Q35;RONDONIA;MATERIAL;90355;CONECTOR DERIV PERFURAT C/C 1,0KV 35-120MM2/10-35MM2;3.0;3.0;
RBAMA;RAMAL SERV.TRIF.3X10+10 (TRIPLEX) PARA CABO 2 AWG;RAS10T2;RONDONIA;MAO-DE-OBRA;1117;Conexão Tipo ampactinho, por peça.;3.0;3.0;
;RAMAL SERV.TRIF.3X10+10 (TRIPLEX) PARA CABO 2 AWG;RAS10T2;RONDONIA;MAO-DE-OBRA;1166;Ramal de serviço Multiplex.;1.0;1.0;
;RAMAL SERV.TRIF.3X10+10 (TRIPLEX) PARA CABO 2 AWG;RAS10T2;RONDONIA;MATERIAL;90305;ALCA PREF SERV ACO-ZINC 6,00-6,70MM 330MM LRJ;1.0;1.0;
;RAMAL SERV.TRIF.3X10+10 (TRIPLEX) PARA CABO 2 AWG;RAS10T2;RONDONIA;MATERIAL;90472;CONEC CUNHA RML COBR TP II 3,17-8,12/3,17-5,21MM VD;3.0;3.0;
RBAM;RAMAL SERV.BIFAS.2X10+10 (TRIPLEX) PERFURACAO;RAS10T35;RONDONIA;MAO-DE-OBRA;1117;Conexão Tipo ampactinho, por peça.;1.0;1.0;
;RAMAL SERV.BIFAS.2X10+10 (TRIPLEX) PERFURACAO;RAS10T35;RONDONIA;MAO-DE-OBRA;1120;Conexão Tipo de aperto, por peça.;2.0;2.0;
;RAMAL SERV.BIFAS.2X10+10 (TRIPLEX) PERFURACAO;RAS10T35;RONDONIA;MAO-DE-OBRA;1166;Ramal de serviço Multiplex.;1.0;1.0;
;RAMAL SERV.BIFAS.2X10+10 (TRIPLEX) PERFURACAO;RAS10T35;RONDONIA;MATERIAL;90303;ALCA PREF SERV ACO-ZINC 3,90-4,30MM 345MM MRM;1.0;1.0;
;RAMAL SERV.BIFAS.2X10+10 (TRIPLEX) PERFURACAO;RAS10T35;RONDONIA;MATERIAL;90471;CONEC CUNHA RML COBR TP I 3,17-8,12/3,17-7,42MM CZ;1.0;1.0;
;RAMAL SERV.BIFAS.2X10+10 (TRIPLEX) PERFURACAO;RAS10T35;RONDONIA;MATERIAL;90355;CONECTOR DERIV PERFURAT C/C 1,0KV 35-120MM2/10-35MM2;2.0;2.0;
RMAM16A;RAMAL SERV.MON.1X16+16 (DUPLEX) PARA CABO 2 AWG;RAS16D2;RONDONIA;MAO-DE-OBRA;1117;Conexão Tipo ampactinho, por peça.;2.0;2.0;
;RAMAL SERV.MON.1X16+16 (DUPLEX) PARA CABO 2 AWG;RAS16D2;RONDONIA;MAO-DE-OBRA;1166;Ramal de serviço Multiplex.;1.0;1.0;
;RAMAL SERV.MON.1X16+16 (DUPLEX) PARA CABO 2 AWG;RAS16D2;RONDONIA;MATERIAL;90304;ALCA PREF SERV ACO-ZINC 4,90-5,40MM 305MM BRC;1.0;1.0;
;RAMAL SERV.MON.1X16+16 (DUPLEX) PARA CABO 2 AWG;RAS16D2;RONDONIA;MATERIAL;90471;CONEC CUNHA RML COBR TP I 3,17-8,12/3,17-7,42MM CZ;2.0;2.0;
RMAM16;RAMAL SERV.MON.1X16+16 (DUPLEX) PERFURACAO;RAS16D35;RONDONIA;MAO-DE-OBRA;1117;Conexão Tipo ampactinho, por peça.;1.0;1.0;
;RAMAL SERV.MON.1X16+16 (DUPLEX) PERFURACAO;RAS16D35;RONDONIA;MAO-DE-OBRA;1120;Conexão Tipo de aperto, por peça.;1.0;1.0;
;RAMAL SERV.MON.1X16+16 (DUPLEX) PERFURACAO;RAS16D35;RONDONIA;MAO-DE-OBRA;1166;Ramal de serviço Multiplex.;1.0;1.0;
;RAMAL SERV.MON.1X16+16 (DUPLEX) PERFURACAO;RAS16D35;RONDONIA;MATERIAL;90304;ALCA PREF SERV ACO-ZINC 4,90-5,40MM 305MM BRC;1.0;1.0;
;RAMAL SERV.MON.1X16+16 (DUPLEX) PERFURACAO;RAS16D35;RONDONIA;MATERIAL;90471;CONEC CUNHA RML COBR TP I 3,17-8,12/3,17-7,42MM CZ;1.0;1.0;
;RAMAL SERV.MON.1X16+16 (DUPLEX) PERFURACAO;RAS16D35;RONDONIA;MATERIAL;90355;CONECTOR DERIV PERFURAT C/C 1,0KV 35-120MM2/10-35MM2;1.0;1.0;
;RAMAL SERV.BIFAS.2X16+16 (QUADRIPLEX) PARA CABO 2 AWG;RAS16Q2;RONDONIA;MAO-DE-OBRA;1117;Conexão Tipo ampactinho, por peça.;4.0;4.0;
;RAMAL SERV.BIFAS.2X16+16 (QUADRIPLEX) PARA CABO 2 AWG;RAS16Q2;RONDONIA;MAO-DE-OBRA;1166;Ramal de serviço Multiplex.;1.0;1.0;
;RAMAL SERV.BIFAS.2X16+16 (QUADRIPLEX) PARA CABO 2 AWG;RAS16Q2;RONDONIA;MATERIAL;90304;ALCA PREF SERV ACO-ZINC 4,90-5,40MM 305MM BRC;1.0;1.0;
;RAMAL SERV.BIFAS.2X16+16 (QUADRIPLEX) PARA CABO 2 AWG;RAS16Q2;RONDONIA;MATERIAL;90471;CONEC CUNHA RML COBR TP I 3,17-8,12/3,17-7,42MM CZ;4.0;4.0;
;RAMAL SERV.TRIF.3X16+16 (QUADRIPLEX) PERFURACAO;RAS16Q35;RONDONIA;MAO-DE-OBRA;1117;Conexão Tipo ampactinho, por peça.;1.0;1.0;
;RAMAL SERV.TRIF.3X16+16 (QUADRIPLEX) PERFURACAO;RAS16Q35;RONDONIA;MAO-DE-OBRA;1120;Conexão Tipo de aperto, por peça.;3.0;3.0;
;RAMAL SERV.TRIF.3X16+16 (QUADRIPLEX) PERFURACAO;RAS16Q35;RONDONIA;MAO-DE-OBRA;1166;Ramal de serviço Multiplex.;1.0;1.0;
;RAMAL SERV.TRIF.3X16+16 (QUADRIPLEX) PERFURACAO;RAS16Q35;RONDONIA;MATERIAL;90304;ALCA PREF SERV ACO-ZINC 4,90-5,40MM 305MM BRC;1.0;1.0;
;RAMAL SERV.TRIF.3X16+16 (QUADRIPLEX) PERFURACAO;RAS16Q35;RONDONIA;MATERIAL;90471;CONEC CUNHA RML COBR TP I 3,17-8,12/3,17-7,42MM CZ;1.0;1.0;
;RAMAL SERV.TRIF.3X16+16 (QUADRIPLEX) PERFURACAO;RAS16Q35;RONDONIA;MATERIAL;90355;CONECTOR DERIV PERFURAT C/C 1,0KV 35-120MM2/10-35MM2;3.0;3.0;
RTAM16A;RAMAL SERV.BIFAS.2X16+16 (TRIPLEX) PARA CABO 2 AWG;RAS16T2;RONDONIA;MAO-DE-OBRA;1117;Conexão Tipo ampactinho, por peça.;3.0;3.0;
;RAMAL SERV.BIFAS.2X16+16 (TRIPLEX) PARA CABO 2 AWG;RAS16T2;RONDONIA;MAO-DE-OBRA;1166;Ramal de serviço Multiplex.;1.0;1.0;
;RAMAL SERV.BIFAS.2X16+16 (TRIPLEX) PARA CABO 2 AWG;RAS16T2;RONDONIA;MATERIAL;90304;ALCA PREF SERV ACO-ZINC 4,90-5,40MM 305MM BRC;1.0;1.0;
;RAMAL SERV.BIFAS.2X16+16 (TRIPLEX) PARA CABO 2 AWG;RAS16T2;RONDONIA;MATERIAL;90471;CONEC CUNHA RML COBR TP I 3,17-8,12/3,17-7,42MM CZ;3.0;3.0;
RTAM16;RAMAL SERV.BIFAS.2X16+16 (TRIPLEX) PERFURACAO;RAS16T35;RONDONIA;MAO-DE-OBRA;1117;Conexão Tipo ampactinho, por peça.;1.0;1.0;
;RAMAL SERV.BIFAS.2X16+16 (TRIPLEX) PERFURACAO;RAS16T35;RONDONIA;MAO-DE-OBRA;1120;Conexão Tipo de aperto, por peça.;2.0;2.0;
;RAMAL SERV.BIFAS.2X16+16 (TRIPLEX) PERFURACAO;RAS16T35;RONDONIA;MAO-DE-OBRA;1166;Ramal de serviço Multiplex.;1.0;1.0;
;RAMAL SERV.BIFAS.2X16+16 (TRIPLEX) PERFURACAO;RAS16T35;RONDONIA;MATERIAL;90304;ALCA PREF SERV ACO-ZINC 4,90-5,40MM 305MM BRC;1.0;1.0;
;RAMAL SERV.BIFAS.2X16+16 (TRIPLEX) PERFURACAO;RAS16T35;RONDONIA;MATERIAL;90471;CONEC CUNHA RML COBR TP I 3,17-8,12/3,17-7,42MM CZ;1.0;1.0;
;RAMAL SERV.BIFAS.2X16+16 (TRIPLEX) PERFURACAO;RAS16T35;RONDONIA;MATERIAL;90355;CONECTOR DERIV PERFURAT C/C 1,0KV 35-120MM2/10-35MM2;2.0;2.0;
;RAMAL SERV.BIFAS.3X25+25 (QUADRIPLEX) PARA CABO 2 AWG;RAS25Q2;RONDONIA;MAO-DE-OBRA;1117;Conexão Tipo ampactinho, por peça.;4.0;4.0;
;RAMAL SERV.BIFAS.3X25+25 (QUADRIPLEX) PARA CABO 2 AWG;RAS25Q2;RONDONIA;MAO-DE-OBRA;1166;Ramal de serviço Multiplex.;1.0;1.0;
;RAMAL SERV.BIFAS.3X25+25 (QUADRIPLEX) PARA CABO 2 AWG;RAS25Q2;RONDONIA;MATERIAL;90305;ALCA PREF SERV ACO-ZINC 6,00-6,70MM 330MM LRJ;1.0;1.0;
;RAMAL SERV.BIFAS.3X25+25 (QUADRIPLEX) PARA CABO 2 AWG;RAS25Q2;RONDONIA;MATERIAL;90471;CONEC CUNHA RML COBR TP I 3,17-8,12/3,17-7,42MM CZ;4.0;4.0;
;RAMAL SERV.TRIF.3X25X25 (QUADRIPLEX) PERFURACAO;RAS25Q35;RONDONIA;MAO-DE-OBRA;1117;Conexão Tipo ampactinho, por peça.;1.0;1.0;
;RAMAL SERV.TRIF.3X25X25 (QUADRIPLEX) PERFURACAO;RAS25Q35;RONDONIA;MAO-DE-OBRA;1120;Conexão Tipo de aperto, por peça.;3.0;3.0;
;RAMAL SERV.TRIF.3X25X25 (QUADRIPLEX) PERFURACAO;RAS25Q35;RONDONIA;MAO-DE-OBRA;1166;Ramal de serviço Multiplex.;1.0;1.0;
;RAMAL SERV.TRIF.3X25X25 (QUADRIPLEX) PERFURACAO;RAS25Q35;RONDONIA;MATERIAL;90305;ALCA PREF SERV ACO-ZINC 6,00-6,70MM 330MM LRJ;1.0;1.0;
;RAMAL SERV.TRIF.3X25X25 (QUADRIPLEX) PERFURACAO;RAS25Q35;RONDONIA;MATERIAL;90471;CONEC CUNHA RML COBR TP I 3,17-8,12/3,17-7,42MM CZ;1.0;1.0;
;RAMAL SERV.TRIF.3X25X25 (QUADRIPLEX) PERFURACAO;RAS25Q35;RONDONIA;MATERIAL;90355;CONECTOR DERIV PERFURAT C/C 1,0KV 35-120MM2/10-35MM2;3.0;3.0;
;RAMAL SERV.BIFAS.2X25+25 (TRIPLEX) PARA CABO 2 AWG;RAS25T2;RONDONIA;MAO-DE-OBRA;1117;Conexão Tipo ampactinho, por peça.;3.0;3.0;
;RAMAL SERV.BIFAS.2X25+25 (TRIPLEX) PARA CABO 2 AWG;RAS25T2;RONDONIA;MAO-DE-OBRA;1166;Ramal de serviço Multiplex.;1.0;1.0;
;RAMAL SERV.BIFAS.2X25+25 (TRIPLEX) PARA CABO 2 AWG;RAS25T2;RONDONIA;MATERIAL;90305;ALCA PREF SERV ACO-ZINC 6,00-6,70MM 330MM LRJ;1.0;1.0;
;RAMAL SERV.BIFAS.2X25+25 (TRIPLEX) PARA CABO 2 AWG;RAS25T2;RONDONIA;MATERIAL;90471;CONEC CUNHA RML COBR TP I 3,17-8,12/3,17-7,42MM CZ;3.0;3.0;
;RAMAL SERV.BIFAS.2X25+25 (TRIPLEX) PERFURACAO;RAS25T35;RONDONIA;MAO-DE-OBRA;1117;Conexão Tipo ampactinho, por peça.;1.0;1.0;
;RAMAL SERV.BIFAS.2X25+25 (TRIPLEX) PERFURACAO;RAS25T35;RONDONIA;MAO-DE-OBRA;1120;Conexão Tipo de aperto, por peça.;2.0;2.0;
;RAMAL SERV.BIFAS.2X25+25 (TRIPLEX) PERFURACAO;RAS25T35;RONDONIA;MAO-DE-OBRA;1166;Ramal de serviço Multiplex.;1.0;1.0;
;RAMAL SERV.BIFAS.2X25+25 (TRIPLEX) PERFURACAO;RAS25T35;RONDONIA;MATERIAL;90305;ALCA PREF SERV ACO-ZINC 6,00-6,70MM 330MM LRJ;1.0;1.0;
;RAMAL SERV.BIFAS.2X25+25 (TRIPLEX) PERFURACAO;RAS25T35;RONDONIA;MATERIAL;90471;CONEC CUNHA RML COBR TP I 3,17-8,12/3,17-7,42MM CZ;1.0;1.0;
;RAMAL SERV.BIFAS.2X25+25 (TRIPLEX) PERFURACAO;RAS25T35;RONDONIA;MATERIAL;90355;CONECTOR DERIV PERFURAT C/C 1,0KV 35-120MM2/10-35MM2;2.0;2.0;
RTAM35A;RAMAL SERV.TRIF.3X35X35 (QUADRIPLEX) PARA CABO 2 AWG;RAS35Q2;RONDONIA;MAO-DE-OBRA;1117;Conexão Tipo ampactinho, por peça.;4.0;4.0;
;RAMAL SERV.TRIF.3X35X35 (QUADRIPLEX) PARA CABO 2 AWG;RAS35Q2;RONDONIA;MAO-DE-OBRA;1166;Ramal de serviço Multiplex.;1.0;1.0;
;RAMAL SERV.TRIF.3X35X35 (QUADRIPLEX) PARA CABO 2 AWG;RAS35Q2;RONDONIA;MATERIAL;90306;ALCA PREF DISTR ACO-ZINC 7,30-8,20MM 610MM VRM;1.0;1.0;
;RAMAL SERV.TRIF.3X35X35 (QUADRIPLEX) PARA CABO 2 AWG;RAS35Q2;RONDONIA;MATERIAL;90477;CONEC CUNHA RML COBR TP VII 4,66-10,11/4,66-8,30MM BR/VM;4.0;4.0;
RTAM35;RAMAL SERV.TRIF.3X35X35 (QUADRIPLEX) PERFURACAO;RAS35Q35;RONDONIA;MAO-DE-OBRA;1117;Conexão Tipo ampactinho, por peça.;1.0;1.0;
;RAMAL SERV.TRIF.3X35X35 (QUADRIPLEX) PERFURACAO;RAS35Q35;RONDONIA;MAO-DE-OBRA;1120;Conexão Tipo de aperto, por peça.;3.0;3.0;
;RAMAL SERV.TRIF.3X35X35 (QUADRIPLEX) PERFURACAO;RAS35Q35;RONDONIA;MAO-DE-OBRA;1166;Ramal de serviço Multiplex.;1.0;1.0;
;RAMAL SERV.TRIF.3X35X35 (QUADRIPLEX) PERFURACAO;RAS35Q35;RONDONIA;MATERIAL;90306;ALCA PREF DISTR ACO-ZINC 7,30-8,20MM 610MM VRM;1.0;1.0;
;RAMAL SERV.TRIF.3X35X35 (QUADRIPLEX) PERFURACAO;RAS35Q35;RONDONIA;MATERIAL;90477;CONEC CUNHA RML COBR TP VII 4,66-10,11/4,66-8,30MM BR/VM;1.0;1.0;
;RAMAL SERV.TRIF.3X35X35 (QUADRIPLEX) PERFURACAO;RAS35Q35;RONDONIA;MATERIAL;90355;CONECTOR DERIV PERFURAT C/C 1,0KV 35-120MM2/10-35MM2;3.0;3.0;
RETCA;RETENCIONAMENTO DE CABO POR METRO;RET-METRO;RONDONIA;MAO-DE-OBRA;1114;Retensionamento e nivelamento, por metro.;1.0;1.0;
TERRA1;ATERRAMENTO DE EQUIPAMENTOS - 1 HASTE;ROATE1;RONDONIA;MAO-DE-OBRA;1126;Aterramento completo com uma haste.;1.0;1.0;
;ATERRAMENTO DE EQUIPAMENTOS - 1 HASTE;ROATE1;RONDONIA;MAO-DE-OBRA;1119;Conexão Tipo compressão, por peça.;1.0;1.0;
;ATERRAMENTO DE EQUIPAMENTOS - 1 HASTE;ROATE1;RONDONIA;MATERIAL;90257;CABO ACO COBREADO 1F LCA IACS53% 7X2,06MM 25MM2;3.0;3.0;
;ATERRAMENTO DE EQUIPAMENTOS - 1 HASTE;ROATE1;RONDONIA;MATERIAL;90489;CONECTOR ATERR CUNHA TRANSV COBRE CB/HST 25-35MM2 14,3MM;1.0;1.0;
;ATERRAMENTO DE EQUIPAMENTOS - 1 HASTE;ROATE1;RONDONIA;MATERIAL;90462;HASTE ATERRAMENTO CIRC 2400X14,3MM S/ ROSCA;1.0;1.0;
TERRA3;ATERRAMENTO COM 3 HASTES;ROATE3;RONDONIA;MAO-DE-OBRA;1125;Aterramento completo com três hastes.;1.0;1.0;
;ATERRAMENTO COM 3 HASTES;ROATE3;RONDONIA;MAO-DE-OBRA;1119;Conexão Tipo compressão, por peça.;3.0;3.0;
;ATERRAMENTO COM 3 HASTES;ROATE3;RONDONIA;MATERIAL;90257;CABO ACO COBREADO 1F LCA IACS53% 7X2,06MM 25MM2;4.0;4.0;
;ATERRAMENTO COM 3 HASTES;ROATE3;RONDONIA;MATERIAL;90489;CONECTOR ATERR CUNHA TRANSV COBRE CB/HST 25-35MM2 14,3MM;3.0;3.0;
;ATERRAMENTO COM 3 HASTES;ROATE3;RONDONIA;MATERIAL;90462;HASTE ATERRAMENTO CIRC 2400X14,3MM S/ ROSCA;3.0;3.0;
B1;ESTRUTURA B1 TRIFASICO;ROB1TRIF;RONDONIA;MAO-DE-OBRA;1089;Amarração de condutor no isolador.;3.0;3.0;
;ESTRUTURA B1 TRIFASICO;ROB1TRIF;RONDONIA;MAO-DE-OBRA;1030;Tipo N1/M1/B1.;1.0;1.0;
;ESTRUTURA B1 TRIFASICO;ROB1TRIF;RONDONIA;MATERIAL;90389;ARRUELA QUADRADA ACO GALV 38X18X3MM;12.0;12.0;
;ESTRUTURA B1 TRIFASICO;ROB1TRIF;RONDONIA;MATERIAL;90662;CRUZETA DISTR CONCR TIPO RETAN 2400MM 90X115MM 400DAN CAA2;1.0;1.0;
;ESTRUTURA B1 TRIFASICO;ROB1TRIF;RONDONIA;MATERIAL;90391;FIO AMARRACAO ALUMINIO MOLE 1F 6AWG 4.11MM 80DAN;0.45;0.45;
;ESTRUTURA B1 TRIFASICO;ROB1TRIF;RONDONIA;MATERIAL;90253;ISOLADOR PILAR PORCEL 15,0KV 220MM 300MM 8.0KN M20 CTC;3.0;3.0;
;ESTRUTURA B1 TRIFASICO;ROB1TRIF;RONDONIA;MATERIAL;90445;MAO FRANCESA PLANA ACO GALV 1053X32MM 5MM 3000DAN;1.0;1.0;
;ESTRUTURA B1 TRIFASICO;ROB1TRIF;RONDONIA;MATERIAL;90361;PARAFUSO DISTR CAB QUAD ACO-GALV M16 150MM 5000DAN;2.0;2.0;
;ESTRUTURA B1 TRIFASICO;ROB1TRIF;RONDONIA;MATERIAL;90251;PINO ISOLADOR AUTOTRAVANTE ACO M20/M16 168,5MM;3.0;3.0;
B2;ESTRUTURA B2 TRIFASICO;ROB2TRIF;RONDONIA;MAO-DE-OBRA;1089;Amarração de condutor no isolador.;6.0;6.0;
;ESTRUTURA B2 TRIFASICO;ROB2TRIF;RONDONIA;MAO-DE-OBRA;1031;Tipo N2/N3/M2/M3/B2/B3.;1.0;1.0;
;ESTRUTURA B2 TRIFASICO;ROB2TRIF;RONDONIA;MATERIAL;90389;ARRUELA QUADRADA ACO GALV 38X18X3MM;12.0;12.0;
;ESTRUTURA B2 TRIFASICO;ROB2TRIF;RONDONIA;MATERIAL;90662;CRUZETA DISTR CONCR TIPO RETAN 2400MM 90X115MM 400DAN CAA2;1.0;1.0;
;ESTRUTURA B2 TRIFASICO;ROB2TRIF;RONDONIA;MATERIAL;90391;FIO AMARRACAO ALUMINIO MOLE 1F 6AWG 4.11MM 80DAN;0.45;0.45;
;ESTRUTURA B2 TRIFASICO;ROB2TRIF;RONDONIA;MATERIAL;90253;ISOLADOR PILAR PORCEL 15,0KV 220MM 300MM 8.0KN M20 CTC;6.0;6.0;
;ESTRUTURA B2 TRIFASICO;ROB2TRIF;RONDONIA;MATERIAL;90445;MAO FRANCESA PLANA ACO GALV 1053X32MM 5MM 3000DAN;2.0;2.0;
;ESTRUTURA B2 TRIFASICO;ROB2TRIF;RONDONIA;MATERIAL;90361;PARAFUSO DISTR CAB QUAD ACO-GALV M16 150MM 5000DAN;2.0;2.0;
;ESTRUTURA B2 TRIFASICO;ROB2TRIF;RONDONIA;MATERIAL;90364;PARAFUSO DISTR CAB QUAD ACO-GALV M16 300MM 5000DAN;1.0;1.0;
;ESTRUTURA B2 TRIFASICO;ROB2TRIF;RONDONIA;MATERIAL;90379;PARAFUSO DISTR ROSC TOTAL ACO-GALV M16 400MM 5000DAN;3.0;3.0;
;ESTRUTURA B2 TRIFASICO;ROB2TRIF;RONDONIA;MATERIAL;90251;PINO ISOLADOR AUTOTRAVANTE ACO M20/M16 168,5MM;6.0;6.0;
;ESTRUTURA B2 TRIFASICO;ROB2TRIF;RONDONIA;MATERIAL;90388;PORCA QUADR PESADA ACO-GALV M16 24X24X13MM 5000DAN;6.0;6.0;
B3;ESTRUTURA B3 TRIFASICO;ROB3TRIF;RONDONIA;MAO-DE-OBRA;1031;Tipo N2/N3/M2/M3/B2/B3.;1.0;1.0;
;ESTRUTURA B3 TRIFASICO;ROB3TRIF;RONDONIA;MATERIAL;90389;ARRUELA QUADRADA ACO GALV 38X18X3MM;12.0;12.0;
;ESTRUTURA B3 TRIFASICO;ROB3TRIF;RONDONIA;MATERIAL;90662;CRUZETA DISTR CONCR TIPO RETAN 2400MM 90X115MM 400DAN CAA2;2.0;2.0;
;ESTRUTURA B3 TRIFASICO;ROB3TRIF;RONDONIA;MATERIAL;90448;GANCHO OLHAL ACO-GALV 130X88X13MM 50KN S/TRAVA;3.0;3.0;
;ESTRUTURA B3 TRIFASICO;ROB3TRIF;RONDONIA;MATERIAL;90277;ISOLADOR BASTAO POLIM ANCOR 15.0KV 370MM 380MM 50KN GO;3.0;3.0;
;ESTRUTURA B3 TRIFASICO;ROB3TRIF;RONDONIA;MATERIAL;90440;MANILHA SAPATILHA ACO GALV 110X60X34MM 5000DAN;3.0;3.0;
;ESTRUTURA B3 TRIFASICO;ROB3TRIF;RONDONIA;MATERIAL;90445;MAO FRANCESA PLANA ACO GALV 1053X32MM 5MM 3000DAN;2.0;2.0;
;ESTRUTURA B3 TRIFASICO;ROB3TRIF;RONDONIA;MATERIAL;90446;OLHAL P/ PARAFUSO DISTR ACO-GALV 74X35MM 30X18MM 50KN;3.0;3.0;
;ESTRUTURA B3 TRIFASICO;ROB3TRIF;RONDONIA;MATERIAL;90361;PARAFUSO DISTR CAB QUAD ACO-GALV M16 150MM 5000DAN;4.0;4.0;
;ESTRUTURA B3 TRIFASICO;ROB3TRIF;RONDONIA;MATERIAL;90388;PORCA QUADR PESADA ACO-GALV M16 24X24X13MM 5000DAN;6.0;6.0;
B4;ESTRUTURA B4 TRIFASICO;ROB4TRIF;RONDONIA;MAO-DE-OBRA;1089;Amarração de condutor no isolador.;3.0;3.0;
;ESTRUTURA B4 TRIFASICO;ROB4TRIF;RONDONIA;MAO-DE-OBRA;1032;Tipo N4/M4/B4/TE.;1.0;1.0;
;ESTRUTURA B4 TRIFASICO;ROB4TRIF;RONDONIA;MATERIAL;90389;ARRUELA QUADRADA ACO GALV 38X18X3MM;12.0;12.0;
;ESTRUTURA B4 TRIFASICO;ROB4TRIF;RONDONIA;MATERIAL;90662;CRUZETA DISTR CONCR TIPO RETAN 2400MM 90X115MM 400DAN CAA2;2.0;2.0;
;ESTRUTURA B4 TRIFASICO;ROB4TRIF;RONDONIA;MATERIAL;90391;FIO AMARRACAO ALUMINIO MOLE 1F 6AWG 4.11MM 80DAN;0.45;0.45;
;ESTRUTURA B4 TRIFASICO;ROB4TRIF;RONDONIA;MATERIAL;90448;GANCHO OLHAL ACO-GALV 130X88X13MM 50KN S/TRAVA;6.0;6.0;
;ESTRUTURA B4 TRIFASICO;ROB4TRIF;RONDONIA;MATERIAL;90277;ISOLADOR BASTAO POLIM ANCOR 15.0KV 370MM 380MM 50KN GO;6.0;6.0;
;ESTRUTURA B4 TRIFASICO;ROB4TRIF;RONDONIA;MATERIAL;90253;ISOLADOR PILAR PORCEL 15,0KV 220MM 300MM 8.0KN M20 CTC;3.0;3.0;
;ESTRUTURA B4 TRIFASICO;ROB4TRIF;RONDONIA;MATERIAL;90440;MANILHA SAPATILHA ACO GALV 110X60X34MM 5000DAN;6.0;6.0;
;ESTRUTURA B4 TRIFASICO;ROB4TRIF;RONDONIA;MATERIAL;90445;MAO FRANCESA PLANA ACO GALV 1053X32MM 5MM 3000DAN;2.0;2.0;
;ESTRUTURA B4 TRIFASICO;ROB4TRIF;RONDONIA;MATERIAL;90446;OLHAL P/ PARAFUSO DISTR ACO-GALV 74X35MM 30X18MM 50KN;6.0;6.0;
;ESTRUTURA B4 TRIFASICO;ROB4TRIF;RONDONIA;MATERIAL;90361;PARAFUSO DISTR CAB QUAD ACO-GALV M16 150MM 5000DAN;4.0;4.0;
;ESTRUTURA B4 TRIFASICO;ROB4TRIF;RONDONIA;MATERIAL;90364;PARAFUSO DISTR CAB QUAD ACO-GALV M16 300MM 5000DAN;1.0;1.0;
;ESTRUTURA B4 TRIFASICO;ROB4TRIF;RONDONIA;MATERIAL;90379;PARAFUSO DISTR ROSC TOTAL ACO-GALV M16 400MM 5000DAN;3.0;3.0;
;ESTRUTURA B4 TRIFASICO;ROB4TRIF;RONDONIA;MATERIAL;90251;PINO ISOLADOR AUTOTRAVANTE ACO M20/M16 168,5MM;3.0;3.0;
;ESTRUTURA B4 TRIFASICO;ROB4TRIF;RONDONIA;MATERIAL;90388;PORCA QUADR PESADA ACO-GALV M16 24X24X13MM 5000DAN;6.0;6.0;
;SERVIÇO DE BASE DE CONCRETO;ROBSCNC;RONDONIA;MAO-DE-OBRA;1009;Concretar base simples;1.0;1.0;
CA2;CABO ALUM NU 1F CA/AAC 2AWG IRIS;ROCBA2;RONDONIA;MAO-DE-OBRA;1103;Condutores de alumínio, por 100Kg.;0.0093;0.0093;
;CABO ALUM NU 1F CA/AAC 2AWG IRIS;ROCBA2;RONDONIA;MATERIAL;90258;CABO ALUM NU 1F CA/AAC 2AWG IRIS;0.093;0.093;
CA40;CABO ALUM NU 1F CA/AAC 4/0AWG OXLIP;ROCBA40;RONDONIA;MAO-DE-OBRA;1103;Condutores de alumínio, por 100Kg.;0.008966667;0.008966667;
;CABO ALUM NU 1F CA/AAC 4/0AWG OXLIP;ROCBA40;RONDONIA;MATERIAL;90260;CABO ALUM NU 1F CA/AAC 4/0AWG OXLIP;0.269;0.269;
CAA10;CABO ALUM NU CAA/ASCR 1F 1/0AWG RAVEN;ROCBAA10;RONDONIA;MAO-DE-OBRA;1103;Condutores de alumínio, por 100Kg.;0.0074;0.0074;
;CABO ALUM NU CAA/ASCR 1F 1/0AWG RAVEN;ROCBAA10;RONDONIA;MATERIAL;90263;CABO ALUM NU CAA/ASCR 1F 1/0AWG RAVEN;0.222;0.222;
CAA2;CABO ALUM NU CAA/ASCR 1F 2AWG SPARROW;ROCBAA2;RONDONIA;MAO-DE-OBRA;1103;Condutores de alumínio, por 100Kg.;0.0139;0.0139;
;CABO ALUM NU CAA/ASCR 1F 2AWG SPARROW;ROCBAA2;RONDONIA;MATERIAL;90262;CABO ALUM NU CAA/ASCR 1F 2AWG SPARROW;0.139;0.139;
CAA20;CBO CAA NU 2/0 AWG 1F;ROCBAA20;RONDONIA;MAO-DE-OBRA;1103;Condutores de alumínio, por 100Kg.;0.009066667;0.009066667;
;CBO CAA NU 2/0 AWG 1F;ROCBAA20;RONDONIA;MATERIAL;690851;CABO ALUM NU CAA/ASCR 1F 2/0AWG QUAIL;0.272;0.272;
CAA336;CABO ALUM NU CAA/ASCR 1F 336,4MCM LINNET;ROCBAA336;RONDONIA;MAO-DE-OBRA;1103;Condutores de alumínio, por 100Kg.;2.5e-05;2.5e-05;
;CABO ALUM NU CAA/ASCR 1F 336,4MCM LINNET;ROCBAA336;RONDONIA;MATERIAL;690359;CABO ALUM NU CAA/ASCR 1F 336,4MCM LINNET;0.668;0.668;
CAA4;CABO ALUM NU CAA/ASCR 1F 4AWG SWAN;ROCBAA4;RONDONIA;MAO-DE-OBRA;1103;Condutores de alumínio, por 100Kg.;0.0085;0.0085;
;CABO ALUM NU CAA/ASCR 1F 4AWG SWAN;ROCBAA4;RONDONIA;MATERIAL;90560;CABO ALUM NU CAA/ASCR 1F 4AWG SWAN;0.085;0.085;
CAA40;CABO ALUM NU CAA/ASCR 1F 4/0AWG PENGUIN;ROCBAA40;RONDONIA;MAO-DE-OBRA;1103;Condutores de alumínio, por 100Kg.;0.014433333;0.014433333;
;CABO ALUM NU CAA/ASCR 1F 4/0AWG PENGUIN;ROCBAA40;RONDONIA;MATERIAL;90264;CABO ALUM NU CAA/ASCR 1F 4/0AWG PENGUIN;0.433;0.433;
CA20;CABO ALUM NU 2/0 AWG 1F CL AA ASTER;ROCBAL2;RONDONIA;MAO-DE-OBRA;1103;Condutores de alumínio, por 100Kg.;0.0065;0.0065;
;CABO ALUM NU 2/0 AWG 1F CL AA ASTER;ROCBAL2;RONDONIA;MATERIAL;130;CABO ALUM NU 2/0 AWG 1F CL AA ASTER;0.195;0.195;
M110;CBO AL CONCENTR 0,6/1KV XLPE 1F 1X10MM2+10MM2;ROCBC110;RONDONIA;MAO-DE-OBRA;1166;Ramal de serviço Multiplex.;0.0;0.0;
M1X1X10+10;CBO AL CONCENTR 0,6/1KV XLPE 1F 1X10MM2+10MM2;ROCBC110;RONDONIA;MATERIAL;90296;CABO ALUM CONCENTR 0,6/1KV XLPE 1F 1X10MM2+10MM2;1.0;1.0;
M116;CABO ALUM CONCENTR 0,6/1KV XLPE 1F 1X16MM2+16MM2;ROCBC116;RONDONIA;MAO-DE-OBRA;1166;Ramal de serviço Multiplex.;0.0;0.0;
M1X1X16+16;CABO ALUM CONCENTR 0,6/1KV XLPE 1F 1X16MM2+16MM2;ROCBC116;RONDONIA;MATERIAL;90297;CABO ALUM CONCENTR 0,6/1KV XLPE 1F 1X16MM2+16MM2;1.0;1.0;
P120;CABO ALUM PROT SPL XLPE 1F 120MM2 BLOQ CNZ;ROCBP120;RONDONIA;MAO-DE-OBRA;1104;Condutores de Aluminio, Protegido, por metro;1.0;1.0;
;CABO ALUM PROT SPL XLPE 1F 120MM2 BLOQ CNZ;ROCBP120;RONDONIA;MATERIAL;90267;CABO ALUM PROT SPL XLPE 1F 15,0KV 120MM2 BLOQ CNZ;1.0;1.0;
P185;CABO ALUM PROT SPL XLPE 1F 15,0KV 185MM2 BLOQ CNZ;ROCBP185;RONDONIA;MAO-DE-OBRA;1104;Condutores de Aluminio, Protegido, por metro;1.0;1.0;
;CABO ALUM PROT SPL XLPE 1F 15,0KV 185MM2 BLOQ CNZ;ROCBP185;RONDONIA;MATERIAL;90268;CABO ALUM PROT SPL XLPE 1F 15,0KV 185MM2 BLOQ CNZ;1.0;1.0;
M210;CBO AL MULTIPLEX 0,6/1,0KV XLPE 2F 2X1X10MM2+10MM2;ROCBP210;RONDONIA;MAO-DE-OBRA;1166;Ramal de serviço Multiplex.;0.0;0.0;
M2X1X10+10;CBO AL MULTIPLEX 0,6/1,0KV XLPE 2F 2X1X10MM2+10MM2;ROCBP210;RONDONIA;MATERIAL;90274;CABO ALUM MULTIPLEX 0,6/1,0KV XLPE 2F 2X1X10MM2+10MM2;1.0;1.0;
M216;CBO AL MULTIPLEX 0,6/1,0KV XLPE 2F 2X1X16MM2+16MM2;ROCBP216;RONDONIA;MAO-DE-OBRA;1166;Ramal de serviço Multiplex.;0.0;0.0;
M2X1X16+16;CBO AL MULTIPLEX 0,6/1,0KV XLPE 2F 2X1X16MM2+16MM2;ROCBP216;RONDONIA;MATERIAL;90282;CABO ALUM MULTIPLEX 0,6/1,0KV XLPE 2F 2X1X16MM2+16MM2;1.0;1.0;
M225;CBO AL MULTIPLEX 0,6/1,0KV XLPE 2F 2X1X25MM2+25MM2;ROCBP225;RONDONIA;MAO-DE-OBRA;1166;Ramal de serviço Multiplex.;0.0;0.0;
M2X1X25+25;CBO AL MULTIPLEX 0,6/1,0KV XLPE 2F 2X1X25MM2+25MM2;ROCBP225;RONDONIA;MATERIAL;90283;CABO ALUM MULTIPLEX 0,6/1,0KV XLPE 2F 2X1X25MM2+25MM2;1.0;1.0;
M310;CBO AL MULTIPLEX 0,6/1,0KV XLPE 3F 3X1X10MM2+10MM2;ROCBP310;RONDONIA;MAO-DE-OBRA;1166;Ramal de serviço Multiplex.;0.0;0.0;
M3X1X10+10;CBO AL MULTIPLEX 0,6/1,0KV XLPE 3F 3X1X10MM2+10MM2;ROCBP310;RONDONIA;MATERIAL;90285;CABO ALUM MULTIPLEX 0,6/1,0KV XLPE 3F 3X1X10MM2+10MM2;1.0;1.0;
M3120;CBO AL MULTIPLX 0,6/1,0KV XLPE 3F 3X1X120MM2+70MM2;ROCBP3120;RONDONIA;MAO-DE-OBRA;1102;Condutor multiplex, por metro.;1.0;1.0;
M3X1X120+70;CBO AL MULTIPLX 0,6/1,0KV XLPE 3F 3X1X120MM2+70MM2;ROCBP3120;RONDONIA;MATERIAL;90290;CABO ALUM MULTIPLEX 0,6/1,0KV XLPE 3F 3X1X120MM2+70MM2;1.0;1.0;
M316;CBO AL MULTIPLEX 0,6/1,0KV XLPE 3F 3X1X16MM2+16MM2;ROCBP316;RONDONIA;MAO-DE-OBRA;1166;Ramal de serviço Multiplex.;0.0;0.0;
M3X1X16+16;CBO AL MULTIPLEX 0,6/1,0KV XLPE 3F 3X1X16MM2+16MM2;ROCBP316;RONDONIA;MATERIAL;90286;CABO ALUM MULTIPLEX 0,6/1,0KV XLPE 3F 3X1X16MM2+16MM2;1.0;1.0;
M325;CBO AL MULTIPLEX 0,6/1,0KV XLPE 3F 3X1X25MM2+25MM2;ROCBP325;RONDONIA;MAO-DE-OBRA;1166;Ramal de serviço Multiplex.;0.0;0.0;
M3X1X25+25;CBO AL MULTIPLEX 0,6/1,0KV XLPE 3F 3X1X25MM2+25MM2;ROCBP325;RONDONIA;MATERIAL;90287;CABO ALUM MULTIPLEX 0,6/1,0KV XLPE 3F 3X1X25MM2+25MM2;1.0;1.0;
M3X1X35+35;CBO AL MULTIPLEX 0,6/1,0KV XLPE 3F 3X1X35MM2+35MM2;ROCBP335;RONDONIA;MAO-DE-OBRA;1102;Condutor multiplex, por metro.;1.0;1.0;
M335;CBO AL MULTIPLEX 0,6/1,0KV XLPE 3F 3X1X35MM2+35MM2;ROCBP335;RONDONIA;MATERIAL;90288;CABO ALUM MULTIPLEX 0,6/1,0KV XLPE 3F 3X1X35MM2+35MM2;1.0;1.0;
M370;CBO AL MULTIPLEX 0,6/1,0KV XLPE 3F 3X1X70MM2+70MM2;ROCBP370;RONDONIA;MAO-DE-OBRA;1102;Condutor multiplex, por metro.;1.0;1.0;
M3X1X70+70;CBO AL MULTIPLEX 0,6/1,0KV XLPE 3F 3X1X70MM2+70MM2;ROCBP370;RONDONIA;MATERIAL;90289;CABO ALUM MULTIPLEX 0,6/1,0KV XLPE 3F 3X1X70MM2+70MM2;1.0;1.0;
P50;CABO ALUM PROT SPL XLPE 1F 15,0KV 50MM2 BLOQ CNZ;ROCBP50;RONDONIA;MAO-DE-OBRA;1104;Condutores de Aluminio, Protegido, por metro;1.0;1.0;
;CABO ALUM PROT SPL XLPE 1F 15,0KV 50MM2 BLOQ CNZ;ROCBP50;RONDONIA;MATERIAL;90266;CABO ALUM PROT SPL XLPE 1F 15,0KV 50MM2 BLOQ CNZ;1.0;1.0;
P70;CABO PROT 34,5KV ALUM 70 MM2 1F 12 FIOS;ROCBP70;RONDONIA;MAO-DE-OBRA;1104;Condutores de Aluminio, Protegido, por metro;1.0;1.0;
;CABO PROT 34,5KV ALUM 70 MM2 1F 12 FIOS;ROCBP70;RONDONIA;MATERIAL;90291;CABO ALUM PROT SPL XLPE 1F 36,2KV 70MM2 BLOQ CNZ;1.0;1.0;
CE1;ESTRUTURA PRIMARIA COMPACTA - TIPO CE1;ROCCE1;RONDONIA;MAO-DE-OBRA;1022;Compacta CE1;1.0;1.0;
;ESTRUTURA PRIMARIA COMPACTA - TIPO CE1;ROCCE1;RONDONIA;MATERIAL;90389;ARRUELA QUADRADA ACO GALV 38X18X3MM;3.0;3.0;
;ESTRUTURA PRIMARIA COMPACTA - TIPO CE1;ROCCE1;RONDONIA;MATERIAL;90544;BRACO COMP TIPO L 15KV ACO-GALV 354X241MM;1.0;1.0;
;ESTRUTURA PRIMARIA COMPACTA - TIPO CE1;ROCCE1;RONDONIA;MATERIAL;90567;ESPACADOR LOSANGULAR PEAD 15KV 340X460MM TRAV CNZ/PRT;1.0;1.0;
;ESTRUTURA PRIMARIA COMPACTA - TIPO CE1;ROCCE1;RONDONIA;MATERIAL;90399;ESTRIBO P/ BRACO TIPO L ACO GALV 140X70X50MM 400DAN;1.0;1.0;
;ESTRUTURA PRIMARIA COMPACTA - TIPO CE1;ROCCE1;RONDONIA;MATERIAL;90372;PARAFUSO DISTR CAB ABAU ACO-GALV M16 45MM 5000DAN;1.0;1.0;
;ESTRUTURA PRIMARIA COMPACTA - TIPO CE1;ROCCE1;RONDONIA;MATERIAL;90373;PARAFUSO DISTR CAB ABAU ACO-GALV M16 70MM 5000DAN;1.0;1.0;
;ESTRUTURA PRIMARIA COMPACTA - TIPO CE1;ROCCE1;RONDONIA;MATERIAL;90363;PARAFUSO DISTR CAB QUAD ACO-GALV M16 250MM 5000DAN;3.0;3.0;
CE1A;ESTRUTURA PRIMARIA COMPACTA - TIPO CE1A;ROCCE1A;RONDONIA;MAO-DE-OBRA;1023;Compacta CE1A;1.0;1.0;
;ESTRUTURA PRIMARIA COMPACTA - TIPO CE1A;ROCCE1A;RONDONIA;MATERIAL;90389;ARRUELA QUADRADA ACO GALV 38X18X3MM;3.0;3.0;
;ESTRUTURA PRIMARIA COMPACTA - TIPO CE1A;ROCCE1A;RONDONIA;MATERIAL;90540;BRACO ANTIBALANCO PEAD 15,0KV 305MM CNZ/PRT 180/50DAN;1.0;1.0;
;ESTRUTURA PRIMARIA COMPACTA - TIPO CE1A;ROCCE1A;RONDONIA;MATERIAL;90544;BRACO COMP TIPO L 15KV ACO-GALV 354X241MM;1.0;1.0;
;ESTRUTURA PRIMARIA COMPACTA - TIPO CE1A;ROCCE1A;RONDONIA;MATERIAL;90567;ESPACADOR LOSANGULAR PEAD 15KV 340X460MM TRAV CNZ/PRT;1.0;1.0;
;ESTRUTURA PRIMARIA COMPACTA - TIPO CE1A;ROCCE1A;RONDONIA;MATERIAL;90399;ESTRIBO P/ BRACO TIPO L ACO GALV 140X70X50MM 400DAN;1.0;1.0;
;ESTRUTURA PRIMARIA COMPACTA - TIPO CE1A;ROCCE1A;RONDONIA;MATERIAL;90373;PARAFUSO DISTR CAB ABAU ACO-GALV M16 70MM 5000DAN;1.0;1.0;
;ESTRUTURA PRIMARIA COMPACTA - TIPO CE1A;ROCCE1A;RONDONIA;MATERIAL;90363;PARAFUSO DISTR CAB QUAD ACO-GALV M16 250MM 5000DAN;3.0;3.0;
CE2;ESTRUTURA PRIMARIA COMPACTA - TIPO CE2;ROCCE2;RONDONIA;MAO-DE-OBRA;1024;Compacta CE2;1.0;1.0;
;ESTRUTURA PRIMARIA COMPACTA - TIPO CE2;ROCCE2;RONDONIA;MATERIAL;90538;ANEL AMAR ELASTOMERICO P/ISOLADOR 15,0KV 45X110X160MM VRM;3.0;3.0;
;ESTRUTURA PRIMARIA COMPACTA - TIPO CE2;ROCCE2;RONDONIA;MATERIAL;90389;ARRUELA QUADRADA ACO GALV 38X18X3MM;3.0;3.0;
;ESTRUTURA PRIMARIA COMPACTA - TIPO CE2;ROCCE2;RONDONIA;MATERIAL;90542;BRACO COMP TIPO C 15KV ACO-GALV 580X365X362MM;1.0;1.0;
;ESTRUTURA PRIMARIA COMPACTA - TIPO CE2;ROCCE2;RONDONIA;MATERIAL;90275;ISOLADOR PINO POLIM 15,0KV 280MM 25MM ANEL 1200DAN CNZ;3.0;3.0;
;ESTRUTURA PRIMARIA COMPACTA - TIPO CE2;ROCCE2;RONDONIA;MATERIAL;90446;OLHAL P/ PARAFUSO DISTR ACO-GALV 74X35MM 30X18MM 50KN;1.0;1.0;
;ESTRUTURA PRIMARIA COMPACTA - TIPO CE2;ROCCE2;RONDONIA;MATERIAL;90365;PARAFUSO DISTR CAB QUAD ACO-GALV M16 350MM 5000DAN;3.0;3.0;
;ESTRUTURA PRIMARIA COMPACTA - TIPO CE2;ROCCE2;RONDONIA;MATERIAL;90280;PINO ISOLADOR CURTO ACO M16 190MM 15KV;3.0;3.0;
;ESTRUTURA PRIMARIA COMPACTA - TIPO CE2;ROCCE2;RONDONIA;MATERIAL;90409;SAPATILHA DISTRIBUICAO ACO-GALV 9,5MM 3/8POL 3160DAN;2.0;2.0;
CE4;ESTRUTURA PRIMARIA COMPACTA - TIPO CE4;ROCCE4;RONDONIA;MAO-DE-OBRA;1027;Compacta CE4;1.0;1.0;
;ESTRUTURA PRIMARIA COMPACTA - TIPO CE4;ROCCE4;RONDONIA;MATERIAL;90538;ANEL AMAR ELASTOMERICO P/ISOLADOR 15,0KV 45X110X160MM VRM;3.0;3.0;
;ESTRUTURA PRIMARIA COMPACTA - TIPO CE4;ROCCE4;RONDONIA;MATERIAL;90389;ARRUELA QUADRADA ACO GALV 38X18X3MM;3.0;3.0;
;ESTRUTURA PRIMARIA COMPACTA - TIPO CE4;ROCCE4;RONDONIA;MATERIAL;90542;BRACO COMP TIPO C 15KV ACO-GALV 580X365X362MM;1.0;1.0;
;ESTRUTURA PRIMARIA COMPACTA - TIPO CE4;ROCCE4;RONDONIA;MATERIAL;90391;FIO AMARRACAO ALUMINIO MOLE 1F 6AWG 4.11MM 80DAN;0.45;0.45;
;ESTRUTURA PRIMARIA COMPACTA - TIPO CE4;ROCCE4;RONDONIA;MATERIAL;90448;GANCHO OLHAL ACO-GALV 130X88X13MM 50KN S/TRAVA;6.0;6.0;
;ESTRUTURA PRIMARIA COMPACTA - TIPO CE4;ROCCE4;RONDONIA;MATERIAL;90277;ISOLADOR BASTAO POLIM ANCOR 15.0KV 370MM 380MM 50KN GO;6.0;6.0;
;ESTRUTURA PRIMARIA COMPACTA - TIPO CE4;ROCCE4;RONDONIA;MATERIAL;90275;ISOLADOR PINO POLIM 15,0KV 280MM 25MM ANEL 1200DAN CNZ;3.0;3.0;
;ESTRUTURA PRIMARIA COMPACTA - TIPO CE4;ROCCE4;RONDONIA;MATERIAL;90440;MANILHA SAPATILHA ACO GALV 110X60X34MM 5000DAN;6.0;6.0;
;ESTRUTURA PRIMARIA COMPACTA - TIPO CE4;ROCCE4;RONDONIA;MATERIAL;90446;OLHAL P/ PARAFUSO DISTR ACO-GALV 74X35MM 30X18MM 50KN;7.0;7.0;
;ESTRUTURA PRIMARIA COMPACTA - TIPO CE4;ROCCE4;RONDONIA;MATERIAL;90373;PARAFUSO DISTR CAB ABAU ACO-GALV M16 70MM 5000DAN;3.0;3.0;
;ESTRUTURA PRIMARIA COMPACTA - TIPO CE4;ROCCE4;RONDONIA;MATERIAL;90365;PARAFUSO DISTR CAB QUAD ACO-GALV M16 350MM 5000DAN;3.0;3.0;
;ESTRUTURA PRIMARIA COMPACTA - TIPO CE4;ROCCE4;RONDONIA;MATERIAL;90280;PINO ISOLADOR CURTO ACO M16 190MM 15KV;3.0;3.0;
;ESTRUTURA PRIMARIA COMPACTA - TIPO CE4;ROCCE4;RONDONIA;MATERIAL;90409;SAPATILHA DISTRIBUICAO ACO-GALV 9,5MM 3/8POL 3160DAN;2.0;2.0;
;CHAVE SECC FACA;ROCCF;RONDONIA;MAO-DE-OBRA;1080;Chave-faca (peça).;1.0;1.0;
CFA;CHAVE SECC FACA;ROCCF;RONDONIA;MATERIAL;90551;CHAVE SECC FACA DST PORC 1F 11,4/13,8KV 400A MAN SEC CENT;1.0;1.0;
;CORDOALHA ACO CARB;ROCDA;RONDONIA;MAO-DE-OBRA;1107;Cordoalha de Aço Zincado por 100kg.;0.0041;0.0041;
CAZ9,5;CORDOALHA ACO CARB;ROCDA;RONDONIA;MATERIAL;90256;CORDOALHA ACO CARB CL A 7 FIOS MR 9,5MM 3160DAN;1.0;1.0;
CE3;ESTRUTURA CE3;ROCE3;RONDONIA;MAO-DE-OBRA;1026;Compacta CE3;1.0;1.0;
;ESTRUTURA CE3;ROCE3;RONDONIA;MATERIAL;90389;ARRUELA QUADRADA ACO GALV 38X18X3MM;6.0;6.0;
;ESTRUTURA CE3;ROCE3;RONDONIA;MATERIAL;90542;BRACO COMP TIPO C 15KV ACO-GALV 580X365X362MM;1.0;1.0;
;ESTRUTURA CE3;ROCE3;RONDONIA;MATERIAL;90416;CANTONEIRA PERFILADO ACO-GALV 65X65X900MM 6,0MM 15/35KV;1.0;1.0;
;ESTRUTURA CE3;ROCE3;RONDONIA;MATERIAL;90448;GANCHO OLHAL ACO-GALV 130X88X13MM 50KN S/TRAVA;3.0;3.0;
;ESTRUTURA CE3;ROCE3;RONDONIA;MATERIAL;90277;ISOLADOR BASTAO POLIM ANCOR 15.0KV 370MM 380MM 50KN GO;3.0;3.0;
;ESTRUTURA CE3;ROCE3;RONDONIA;MATERIAL;90244;MANILHA DISTR TORCIDA ACO-GALV 90MM M16 50KN 90GR;1.0;1.0;
;ESTRUTURA CE3;ROCE3;RONDONIA;MATERIAL;90440;MANILHA SAPATILHA ACO GALV 110X60X34MM 5000DAN;3.0;3.0;
;ESTRUTURA CE3;ROCE3;RONDONIA;MATERIAL;90446;OLHAL P/ PARAFUSO DISTR ACO-GALV 74X35MM 30X18MM 50KN;3.0;3.0;
;ESTRUTURA CE3;ROCE3;RONDONIA;MATERIAL;90372;PARAFUSO DISTR CAB ABAU ACO-GALV M16 45MM 5000DAN;3.0;3.0;
;ESTRUTURA CE3;ROCE3;RONDONIA;MATERIAL;90365;PARAFUSO DISTR CAB QUAD ACO-GALV M16 350MM 5000DAN;3.0;3.0;
;ESTRUTURA CE3;ROCE3;RONDONIA;MATERIAL;90409;SAPATILHA DISTRIBUICAO ACO-GALV 9,5MM 3/8POL 3160DAN;1.0;1.0;
CE3N3;ESTRUTURA CE3.N3;ROCE3N3;RONDONIA;MAO-DE-OBRA;1089;Amarração de condutor no isolador.;3.0;3.0;
;ESTRUTURA CE3.N3;ROCE3N3;RONDONIA;MAO-DE-OBRA;1026;Compacta CE3;1.0;1.0;
;ESTRUTURA CE3.N3;ROCE3N3;RONDONIA;MAO-DE-OBRA;1031;Tipo N2/N3/M2/M3/B2/B3.;1.0;1.0;
;ESTRUTURA CE3.N3;ROCE3N3;RONDONIA;MATERIAL;90389;ARRUELA QUADRADA ACO GALV 38X18X3MM;11.0;11.0;
;ESTRUTURA CE3.N3;ROCE3N3;RONDONIA;MATERIAL;90662;CRUZETA DISTR CONCR TIPO RETAN 2400MM 90X115MM 400DAN CAA2;2.0;2.0;
;ESTRUTURA CE3.N3;ROCE3N3;RONDONIA;MATERIAL;90448;GANCHO OLHAL ACO-GALV 130X88X13MM 50KN S/TRAVA;6.0;6.0;
;ESTRUTURA CE3.N3;ROCE3N3;RONDONIA;MATERIAL;90277;ISOLADOR BASTAO POLIM ANCOR 15.0KV 370MM 380MM 50KN GO;6.0;6.0;
;ESTRUTURA CE3.N3;ROCE3N3;RONDONIA;MATERIAL;90275;ISOLADOR PINO POLIM 15,0KV 280MM 25MM ANEL 1200DAN CNZ;3.0;3.0;
;ESTRUTURA CE3.N3;ROCE3N3;RONDONIA;MATERIAL;90440;MANILHA SAPATILHA ACO GALV 110X60X34MM 5000DAN;6.0;6.0;
;ESTRUTURA CE3.N3;ROCE3N3;RONDONIA;MATERIAL;90444;MAO FRANCESA PLANA ACO GALV 726X32MM 5MM 3000DAN;4.0;4.0;
;ESTRUTURA CE3.N3;ROCE3N3;RONDONIA;MATERIAL;90446;OLHAL P/ PARAFUSO DISTR ACO-GALV 74X35MM 30X18MM 50KN;7.0;7.0;
;ESTRUTURA CE3.N3;ROCE3N3;RONDONIA;MATERIAL;90361;PARAFUSO DISTR CAB QUAD ACO-GALV M16 150MM 5000DAN;4.0;4.0;
;ESTRUTURA CE3.N3;ROCE3N3;RONDONIA;MATERIAL;90365;PARAFUSO DISTR CAB QUAD ACO-GALV M16 350MM 5000DAN;3.0;3.0;
;ESTRUTURA CE3.N3;ROCE3N3;RONDONIA;MATERIAL;90379;PARAFUSO DISTR ROSC TOTAL ACO-GALV M16 400MM 5000DAN;4.0;4.0;
;ESTRUTURA CE3.N3;ROCE3N3;RONDONIA;MATERIAL;90251;PINO ISOLADOR AUTOTRAVANTE ACO M20/M16 168,5MM;3.0;3.0;
;ESTRUTURA CE3.N3;ROCE3N3;RONDONIA;MATERIAL;90388;PORCA QUADR PESADA ACO-GALV M16 24X24X13MM 5000DAN;4.0;4.0;
;ESTRUTURA CE3.N3;ROCE3N3;RONDONIA;MATERIAL;90409;SAPATILHA DISTRIBUICAO ACO-GALV 9,5MM 3/8POL 3160DAN;1.0;1.0;
CEJ2;ESTRUTURA CEJ2;ROCEJ2;RONDONIA;MAO-DE-OBRA;1089;Amarração de condutor no isolador.;3.0;3.0;
;ESTRUTURA CEJ2;ROCEJ2;RONDONIA;MAO-DE-OBRA;1024;Compacta CE2;1.0;1.0;
;ESTRUTURA CEJ2;ROCEJ2;RONDONIA;MATERIAL;90538;ANEL AMAR ELASTOMERICO P/ISOLADOR 15,0KV 45X110X160MM VRM;3.0;3.0;
;ESTRUTURA CEJ2;ROCEJ2;RONDONIA;MATERIAL;90389;ARRUELA QUADRADA ACO GALV 38X18X3MM;2.0;2.0;
;ESTRUTURA CEJ2;ROCEJ2;RONDONIA;MATERIAL;90536;BRACO COMP TIPO J 15/36,2KV ACO-GALV 1650X550MM;1.0;1.0;
;ESTRUTURA CEJ2;ROCEJ2;RONDONIA;MATERIAL;90275;ISOLADOR PINO POLIM 15,0KV 280MM 25MM ANEL 1200DAN CNZ;3.0;3.0;
;ESTRUTURA CEJ2;ROCEJ2;RONDONIA;MATERIAL;90446;OLHAL P/ PARAFUSO DISTR ACO-GALV 74X35MM 30X18MM 50KN;1.0;1.0;
;ESTRUTURA CEJ2;ROCEJ2;RONDONIA;MATERIAL;90364;PARAFUSO DISTR CAB QUAD ACO-GALV M16 300MM 5000DAN;2.0;2.0;
;ESTRUTURA CEJ2;ROCEJ2;RONDONIA;MATERIAL;90280;PINO ISOLADOR CURTO ACO M16 190MM 15KV;3.0;3.0;
;ESTRUTURA CEJ2;ROCEJ2;RONDONIA;MATERIAL;90409;SAPATILHA DISTRIBUICAO ACO-GALV 9,5MM 3/8POL 3160DAN;2.0;2.0;
CFUC;CHAVE FUSIVEL NA CRUZETA;ROCFUC;RONDONIA;MAO-DE-OBRA;1082;Chave-fusível (peça).;1.0;1.0;
;CHAVE FUSIVEL NA CRUZETA;ROCFUC;RONDONIA;MATERIAL;90547;CHAVE FUS DIST PRC BASE C 15,0KV 315A 1F MAN SEC;1.0;1.0;
;CHAVE FUSIVEL NA CRUZETA;ROCFUC;RONDONIA;MATERIAL;90522;SUPORTE TIPO L CRUZETA ACO-GALV 205X85X38X8MM 200DAN;1.0;1.0;
CFUT;CHAVE FUSIVEL NO SUPORTE T;ROCFUT;RONDONIA;MAO-DE-OBRA;1082;Chave-fusível (peça).;1.0;1.0;
;CHAVE FUSIVEL NO SUPORTE T;ROCFUT;RONDONIA;MATERIAL;90547;CHAVE FUS DIST PRC BASE C 15,0KV 315A 1F MAN SEC;1.0;1.0;
;CHAVE FUSIVEL NO SUPORTE T;ROCFUT;RONDONIA;MATERIAL;90654;SUPORTE TIPO T ACO-GALV 36,2 KV 800X195X50MM 200DAN;1.0;1.0;
CFR;CHAVE FUSIVEL RELIGADORA;ROCHFUREL;RONDONIA;MAO-DE-OBRA;1227;Chave Fusível Religadora;1.0;1.0;
;CHAVE FUSIVEL RELIGADORA;ROCHFUREL;RONDONIA;MATERIAL;90549;CHAVE FUS RELIG DIST PRC BASE C 15,0KV 315A 1F MAN SEC 3INT;1.0;1.0;
;MEDIDOR BIFÁSICO 120;ROMB120;RONDONIA;MATERIAL;42839;MEDIDOR BIF.EN.AT.120V.15A.3FIOS.S/M;1.0;1.0;
;MEDIDOR MONOFÁSICO 240V RURAL;ROMDM240;RONDONIA;MATERIAL;42834;MEDIDOR MONOF.EN.AT.240V.15A.3FIOS.S/M;1.0;1.0;
;MEDIDOR MONOFASICO 120V 2FIOS;ROMM120;RONDONIA;MATERIAL;42829;MEDIDOR MONOF.EN.AT.120/240V.15A.2FIOS.S/M;1.0;1.0;
1N;N1 SEM ISOLADOR;RON1SI;RONDONIA;MAO-DE-OBRA;1030;Tipo N1/M1/B1.;1.0;1.0;
;N1 SEM ISOLADOR;RON1SI;RONDONIA;MATERIAL;90389;ARRUELA QUADRADA ACO GALV 38X18X3MM;4.0;4.0;
;N1 SEM ISOLADOR;RON1SI;RONDONIA;MATERIAL;90662;CRUZETA DISTR CONCR TIPO RETAN 2400MM 90X115MM 400DAN CAA2;1.0;1.0;
;N1 SEM ISOLADOR;RON1SI;RONDONIA;MATERIAL;90444;MAO FRANCESA PLANA ACO GALV 726X32MM 5MM 3000DAN;2.0;2.0;
;N1 SEM ISOLADOR;RON1SI;RONDONIA;MATERIAL;90361;PARAFUSO DISTR CAB QUAD ACO-GALV M16 150MM 5000DAN;2.0;2.0;
;N1 SEM ISOLADOR;RON1SI;RONDONIA;MATERIAL;90363;PARAFUSO DISTR CAB QUAD ACO-GALV M16 250MM 5000DAN;2.0;2.0;
N1;ESTRUTURA N1 TRIFÁSICA;RON1TRIF;RONDONIA;MAO-DE-OBRA;1089;Amarração de condutor no isolador.;3.0;3.0;
;ESTRUTURA N1 TRIFÁSICA;RON1TRIF;RONDONIA;MAO-DE-OBRA;1030;Tipo N1/M1/B1.;1.0;1.0;
;ESTRUTURA N1 TRIFÁSICA;RON1TRIF;RONDONIA;MATERIAL;90389;ARRUELA QUADRADA ACO GALV 38X18X3MM;4.0;4.0;
;ESTRUTURA N1 TRIFÁSICA;RON1TRIF;RONDONIA;MATERIAL;90662;CRUZETA DISTR CONCR TIPO RETAN 2400MM 90X115MM 400DAN CAA2;1.0;1.0;
;ESTRUTURA N1 TRIFÁSICA;RON1TRIF;RONDONIA;MATERIAL;90391;FIO AMARRACAO ALUMINIO MOLE 1F 6AWG 4.11MM 80DAN;0.45;0.45;
;ESTRUTURA N1 TRIFÁSICA;RON1TRIF;RONDONIA;MATERIAL;90253;ISOLADOR PILAR PORCEL 15,0KV 220MM 300MM 8.0KN M20 CTC;3.0;3.0;
;ESTRUTURA N1 TRIFÁSICA;RON1TRIF;RONDONIA;MATERIAL;90444;MAO FRANCESA PLANA ACO GALV 726X32MM 5MM 3000DAN;2.0;2.0;
;ESTRUTURA N1 TRIFÁSICA;RON1TRIF;RONDONIA;MATERIAL;90361;PARAFUSO DISTR CAB QUAD ACO-GALV M16 150MM 5000DAN;2.0;2.0;
;ESTRUTURA N1 TRIFÁSICA;RON1TRIF;RONDONIA;MATERIAL;90363;PARAFUSO DISTR CAB QUAD ACO-GALV M16 250MM 5000DAN;2.0;2.0;
;ESTRUTURA N1 TRIFÁSICA;RON1TRIF;RONDONIA;MATERIAL;90251;PINO ISOLADOR AUTOTRAVANTE ACO M20/M16 168,5MM;3.0;3.0;
2N;N2 SEM ISOLADOR;RON2SI;RONDONIA;MAO-DE-OBRA;1031;Tipo N2/N3/M2/M3/B2/B3.;1.0;1.0;
;N2 SEM ISOLADOR;RON2SI;RONDONIA;MATERIAL;90389;ARRUELA QUADRADA ACO GALV 38X18X3MM;4.0;4.0;
;N2 SEM ISOLADOR;RON2SI;RONDONIA;MATERIAL;90662;CRUZETA DISTR CONCR TIPO RETAN 2400MM 90X115MM 400DAN CAA2;2.0;2.0;
;N2 SEM ISOLADOR;RON2SI;RONDONIA;MATERIAL;90444;MAO FRANCESA PLANA ACO GALV 726X32MM 5MM 3000DAN;4.0;4.0;
;N2 SEM ISOLADOR;RON2SI;RONDONIA;MATERIAL;90361;PARAFUSO DISTR CAB QUAD ACO-GALV M16 150MM 5000DAN;4.0;4.0;
;N2 SEM ISOLADOR;RON2SI;RONDONIA;MATERIAL;90363;PARAFUSO DISTR CAB QUAD ACO-GALV M16 250MM 5000DAN;1.0;1.0;
;N2 SEM ISOLADOR;RON2SI;RONDONIA;MATERIAL;90388;PORCA QUADR PESADA ACO-GALV M16 24X24X13MM 5000DAN;4.0;4.0;
N2;ESTRUTURA N2 TRIFÁSICA;RON2TRIF;RONDONIA;MAO-DE-OBRA;1089;Amarração de condutor no isolador.;6.0;6.0;
;ESTRUTURA N2 TRIFÁSICA;RON2TRIF;RONDONIA;MAO-DE-OBRA;1031;Tipo N2/N3/M2/M3/B2/B3.;1.0;1.0;
;ESTRUTURA N2 TRIFÁSICA;RON2TRIF;RONDONIA;MATERIAL;90389;ARRUELA QUADRADA ACO GALV 38X18X3MM;4.0;4.0;
;ESTRUTURA N2 TRIFÁSICA;RON2TRIF;RONDONIA;MATERIAL;90662;CRUZETA DISTR CONCR TIPO RETAN 2400MM 90X115MM 400DAN CAA2;2.0;2.0;
;ESTRUTURA N2 TRIFÁSICA;RON2TRIF;RONDONIA;MATERIAL;90391;FIO AMARRACAO ALUMINIO MOLE 1F 6AWG 4.11MM 80DAN;0.45;0.45;
;ESTRUTURA N2 TRIFÁSICA;RON2TRIF;RONDONIA;MATERIAL;90253;ISOLADOR PILAR PORCEL 15,0KV 220MM 300MM 8.0KN M20 CTC;6.0;6.0;
;ESTRUTURA N2 TRIFÁSICA;RON2TRIF;RONDONIA;MATERIAL;90444;MAO FRANCESA PLANA ACO GALV 726X32MM 5MM 3000DAN;4.0;4.0;
;ESTRUTURA N2 TRIFÁSICA;RON2TRIF;RONDONIA;MATERIAL;90361;PARAFUSO DISTR CAB QUAD ACO-GALV M16 150MM 5000DAN;4.0;4.0;
;ESTRUTURA N2 TRIFÁSICA;RON2TRIF;RONDONIA;MATERIAL;90363;PARAFUSO DISTR CAB QUAD ACO-GALV M16 250MM 5000DAN;4.0;4.0;
;ESTRUTURA N2 TRIFÁSICA;RON2TRIF;RONDONIA;MATERIAL;90251;PINO ISOLADOR AUTOTRAVANTE ACO M20/M16 168,5MM;6.0;6.0;
;ESTRUTURA N2 TRIFÁSICA;RON2TRIF;RONDONIA;MATERIAL;90388;PORCA QUADR PESADA ACO-GALV M16 24X24X13MM 5000DAN;4.0;4.0;
;ESTRUTURA N3 TRIFÁSICA;RON3TRIF;RONDONIA;MAO-DE-OBRA;1031;Tipo N2/N3/M2/M3/B2/B3.;1.0;1.0;
;ESTRUTURA N3 TRIFÁSICA;RON3TRIF;RONDONIA;MATERIAL;90389;ARRUELA QUADRADA ACO GALV 38X18X3MM;4.0;4.0;
N3;ESTRUTURA N3 TRIFÁSICA;RON3TRIF;RONDONIA;MATERIAL;90662;CRUZETA DISTR CONCR TIPO RETAN 2400MM 90X115MM 400DAN CAA2;2.0;2.0;
;ESTRUTURA N3 TRIFÁSICA;RON3TRIF;RONDONIA;MATERIAL;90448;GANCHO OLHAL ACO-GALV 130X88X13MM 50KN S/TRAVA;3.0;3.0;
;ESTRUTURA N3 TRIFÁSICA;RON3TRIF;RONDONIA;MATERIAL;90277;ISOLADOR BASTAO POLIM ANCOR 15.0KV 370MM 380MM 50KN GO;3.0;3.0;
;ESTRUTURA N3 TRIFÁSICA;RON3TRIF;RONDONIA;MATERIAL;90440;MANILHA SAPATILHA ACO GALV 110X60X34MM 5000DAN;3.0;3.0;
;ESTRUTURA N3 TRIFÁSICA;RON3TRIF;RONDONIA;MATERIAL;90444;MAO FRANCESA PLANA ACO GALV 726X32MM 5MM 3000DAN;4.0;4.0;
;ESTRUTURA N3 TRIFÁSICA;RON3TRIF;RONDONIA;MATERIAL;90446;OLHAL P/ PARAFUSO DISTR ACO-GALV 74X35MM 30X18MM 50KN;3.0;3.0;
;ESTRUTURA N3 TRIFÁSICA;RON3TRIF;RONDONIA;MATERIAL;90361;PARAFUSO DISTR CAB QUAD ACO-GALV M16 150MM 5000DAN;4.0;4.0;
;ESTRUTURA N3 TRIFÁSICA;RON3TRIF;RONDONIA;MATERIAL;90365;PARAFUSO DISTR CAB QUAD ACO-GALV M16 350MM 5000DAN;2.0;2.0;
;ESTRUTURA N3 TRIFÁSICA;RON3TRIF;RONDONIA;MATERIAL;90388;PORCA QUADR PESADA ACO-GALV M16 24X24X13MM 5000DAN;4.0;4.0;
;ESTRUTURA N4 TRIFÁSICA;RON4TRIF;RONDONIA;MAO-DE-OBRA;1089;Amarração de condutor no isolador.;3.0;3.0;
N4;ESTRUTURA N4 TRIFÁSICA;RON4TRIF;RONDONIA;MAO-DE-OBRA;1032;Tipo N4/M4/B4/TE.;1.0;1.0;
;ESTRUTURA N4 TRIFÁSICA;RON4TRIF;RONDONIA;MATERIAL;90389;ARRUELA QUADRADA ACO GALV 38X18X3MM;4.0;4.0;
;ESTRUTURA N4 TRIFÁSICA;RON4TRIF;RONDONIA;MATERIAL;90662;CRUZETA DISTR CONCR TIPO RETAN 2400MM 90X115MM 400DAN CAA2;2.0;2.0;
;ESTRUTURA N4 TRIFÁSICA;RON4TRIF;RONDONIA;MATERIAL;90391;FIO AMARRACAO ALUMINIO MOLE 1F 6AWG 4.11MM 80DAN;0.45;0.45;
;ESTRUTURA N4 TRIFÁSICA;RON4TRIF;RONDONIA;MATERIAL;90448;GANCHO OLHAL ACO-GALV 130X88X13MM 50KN S/TRAVA;6.0;6.0;
;ESTRUTURA N4 TRIFÁSICA;RON4TRIF;RONDONIA;MATERIAL;90277;ISOLADOR BASTAO POLIM ANCOR 15.0KV 370MM 380MM 50KN GO;6.0;6.0;
;ESTRUTURA N4 TRIFÁSICA;RON4TRIF;RONDONIA;MATERIAL;90253;ISOLADOR PILAR PORCEL 15,0KV 220MM 300MM 8.0KN M20 CTC;3.0;3.0;
;ESTRUTURA N4 TRIFÁSICA;RON4TRIF;RONDONIA;MATERIAL;90440;MANILHA SAPATILHA ACO GALV 110X60X34MM 5000DAN;6.0;6.0;
;ESTRUTURA N4 TRIFÁSICA;RON4TRIF;RONDONIA;MATERIAL;90444;MAO FRANCESA PLANA ACO GALV 726X32MM 5MM 3000DAN;4.0;4.0;
;ESTRUTURA N4 TRIFÁSICA;RON4TRIF;RONDONIA;MATERIAL;90446;OLHAL P/ PARAFUSO DISTR ACO-GALV 74X35MM 30X18MM 50KN;6.0;6.0;
;ESTRUTURA N4 TRIFÁSICA;RON4TRIF;RONDONIA;MATERIAL;90361;PARAFUSO DISTR CAB QUAD ACO-GALV M16 150MM 5000DAN;4.0;4.0;
;ESTRUTURA N4 TRIFÁSICA;RON4TRIF;RONDONIA;MATERIAL;90365;PARAFUSO DISTR CAB QUAD ACO-GALV M16 350MM 5000DAN;2.0;2.0;
;ESTRUTURA N4 TRIFÁSICA;RON4TRIF;RONDONIA;MATERIAL;90379;PARAFUSO DISTR ROSC TOTAL ACO-GALV M16 400MM 5000DAN;3.0;3.0;
;ESTRUTURA N4 TRIFÁSICA;RON4TRIF;RONDONIA;MATERIAL;90251;PINO ISOLADOR AUTOTRAVANTE ACO M20/M16 168,5MM;3.0;3.0;
;ESTRUTURA N4 TRIFÁSICA;RON4TRIF;RONDONIA;MATERIAL;90388;PORCA QUADR PESADA ACO-GALV M16 24X24X13MM 5000DAN;4.0;4.0;
PR15;KIT PARA RAIO REDE NUA 7,9 MONO;ROPR1F;RONDONIA;MAO-DE-OBRA;1084;Pára-raios (peça).;1.0;1.0;
;KIT PARA RAIO REDE NUA 7,9 MONO;ROPR1F;RONDONIA;MATERIAL;90210;PARA-RAIOS DISTR MT POLIM 12KV 10KA OX ZN S/CENT S/FERR;1.0;1.0;
U1;ESTRUTURA PRIMARIA U1;ROPRIM-U1;RONDONIA;MAO-DE-OBRA;1089;Amarração de condutor no isolador.;1.0;1.0;
;ESTRUTURA PRIMARIA U1;ROPRIM-U1;RONDONIA;MAO-DE-OBRA;1065;Tipo U1.;1.0;1.0;
;ESTRUTURA PRIMARIA U1;ROPRIM-U1;RONDONIA;MATERIAL;90389;ARRUELA QUADRADA ACO GALV 38X18X3MM;4.0;4.0;
;ESTRUTURA PRIMARIA U1;ROPRIM-U1;RONDONIA;MATERIAL;90391;FIO AMARRACAO ALUMINIO MOLE 1F 6AWG 4.11MM 80DAN;0.15;0.15;
;ESTRUTURA PRIMARIA U1;ROPRIM-U1;RONDONIA;MATERIAL;90253;ISOLADOR PILAR PORCEL 15,0KV 220MM 300MM 8.0KN M20 CTC;1.0;1.0;
;ESTRUTURA PRIMARIA U1;ROPRIM-U1;RONDONIA;MATERIAL;90363;PARAFUSO DISTR CAB QUAD ACO-GALV M16 250MM 5000DAN;2.0;2.0;
;ESTRUTURA PRIMARIA U1;ROPRIM-U1;RONDONIA;MATERIAL;90252;PINO ISOLADOR AUTOTRAVANTE ACO M20/M16 85,0MM;1.0;1.0;
;ESTRUTURA PRIMARIA U1;ROPRIM-U1;RONDONIA;MATERIAL;90524;SUPORTE ISOLADOR PILAR ACO-GALV 15KV 305X90X35MM 210DAN;1.0;1.0;
;ESTRUTURA PRIMARIA U2;ROPRIM-U2;RONDONIA;MAO-DE-OBRA;1089;Amarração de condutor no isolador.;2.0;2.0;
;ESTRUTURA PRIMARIA U2;ROPRIM-U2;RONDONIA;MAO-DE-OBRA;1066;Tipo U2.;1.0;1.0;
U2;ESTRUTURA PRIMARIA U2;ROPRIM-U2;RONDONIA;MATERIAL;90391;FIO AMARRACAO ALUMINIO MOLE 1F 6AWG 4.11MM 80DAN;0.15;0.15;
;ESTRUTURA PRIMARIA U2;ROPRIM-U2;RONDONIA;MATERIAL;90253;ISOLADOR PILAR PORCEL 15,0KV 220MM 300MM 8.0KN M20 CTC;2.0;2.0;
;ESTRUTURA PRIMARIA U2;ROPRIM-U2;RONDONIA;MATERIAL;90363;PARAFUSO DISTR CAB QUAD ACO-GALV M16 250MM 5000DAN;2.0;2.0;
;ESTRUTURA PRIMARIA U2;ROPRIM-U2;RONDONIA;MATERIAL;90252;PINO ISOLADOR AUTOTRAVANTE ACO M20/M16 85,0MM;2.0;2.0;
;ESTRUTURA PRIMARIA U2;ROPRIM-U2;RONDONIA;MATERIAL;90524;SUPORTE ISOLADOR PILAR ACO-GALV 15KV 305X90X35MM 210DAN;2.0;2.0;
U3;ESTRUTURA PRIMARIA U3;ROPRIM-U3;RONDONIA;MAO-DE-OBRA;1067;Tipo U3.;1.0;1.0;
;ESTRUTURA PRIMARIA U3;ROPRIM-U3;RONDONIA;MATERIAL;90389;ARRUELA QUADRADA ACO GALV 38X18X3MM;2.0;2.0;
;ESTRUTURA PRIMARIA U3;ROPRIM-U3;RONDONIA;MATERIAL;90448;GANCHO OLHAL ACO-GALV 130X88X13MM 50KN S/TRAVA;1.0;1.0;
;ESTRUTURA PRIMARIA U3;ROPRIM-U3;RONDONIA;MATERIAL;90277;ISOLADOR BASTAO POLIM ANCOR 15.0KV 370MM 380MM 50KN GO;1.0;1.0;
;ESTRUTURA PRIMARIA U3;ROPRIM-U3;RONDONIA;MATERIAL;90440;MANILHA SAPATILHA ACO GALV 110X60X34MM 5000DAN;1.0;1.0;
;ESTRUTURA PRIMARIA U3;ROPRIM-U3;RONDONIA;MATERIAL;90446;OLHAL P/ PARAFUSO DISTR ACO-GALV 74X35MM 30X18MM 50KN;1.0;1.0;
;ESTRUTURA PRIMARIA U3;ROPRIM-U3;RONDONIA;MATERIAL;90363;PARAFUSO DISTR CAB QUAD ACO-GALV M16 250MM 5000DAN;1.0;1.0;
U4;ESTRUTURA PRIMARIA U4;ROPRIM-U4;RONDONIA;MAO-DE-OBRA;1089;Amarração de condutor no isolador.;1.0;1.0;
;ESTRUTURA PRIMARIA U4;ROPRIM-U4;RONDONIA;MAO-DE-OBRA;1068;Tipo U4.;1.0;1.0;
;ESTRUTURA PRIMARIA U4;ROPRIM-U4;RONDONIA;MATERIAL;90389;ARRUELA QUADRADA ACO GALV 38X18X3MM;2.0;2.0;
;ESTRUTURA PRIMARIA U4;ROPRIM-U4;RONDONIA;MATERIAL;90391;FIO AMARRACAO ALUMINIO MOLE 1F 6AWG 4.11MM 80DAN;0.15;0.15;
;ESTRUTURA PRIMARIA U4;ROPRIM-U4;RONDONIA;MATERIAL;90448;GANCHO OLHAL ACO-GALV 130X88X13MM 50KN S/TRAVA;2.0;2.0;
;ESTRUTURA PRIMARIA U4;ROPRIM-U4;RONDONIA;MATERIAL;90277;ISOLADOR BASTAO POLIM ANCOR 15.0KV 370MM 380MM 50KN GO;2.0;2.0;
;ESTRUTURA PRIMARIA U4;ROPRIM-U4;RONDONIA;MATERIAL;90253;ISOLADOR PILAR PORCEL 15,0KV 220MM 300MM 8.0KN M20 CTC;1.0;1.0;
;ESTRUTURA PRIMARIA U4;ROPRIM-U4;RONDONIA;MATERIAL;90440;MANILHA SAPATILHA ACO GALV 110X60X34MM 5000DAN;2.0;2.0;
;ESTRUTURA PRIMARIA U4;ROPRIM-U4;RONDONIA;MATERIAL;90446;OLHAL P/ PARAFUSO DISTR ACO-GALV 74X35MM 30X18MM 50KN;2.0;2.0;
;ESTRUTURA PRIMARIA U4;ROPRIM-U4;RONDONIA;MATERIAL;90363;PARAFUSO DISTR CAB QUAD ACO-GALV M16 250MM 5000DAN;2.0;2.0;
;ESTRUTURA PRIMARIA U4;ROPRIM-U4;RONDONIA;MATERIAL;90252;PINO ISOLADOR AUTOTRAVANTE ACO M20/M16 85,0MM;1.0;1.0;
;ESTRUTURA PRIMARIA U4;ROPRIM-U4;RONDONIA;MATERIAL;90524;SUPORTE ISOLADOR PILAR ACO-GALV 15KV 305X90X35MM 210DAN;1.0;1.0;
;ESTRUTURA T1;ROPRIMT1;RONDONIA;MAO-DE-OBRA;1089;Amarração de condutor no isolador.;3.0;3.0;
;ESTRUTURA T1;ROPRIMT1;RONDONIA;MAO-DE-OBRA;1030;Tipo N1/M1/B1.;1.0;1.0;
T1;ESTRUTURA T1;ROPRIMT1;RONDONIA;MATERIAL;90389;ARRUELA QUADRADA ACO GALV 38X18X3MM;2.0;2.0;
;ESTRUTURA T1;ROPRIMT1;RONDONIA;MATERIAL;90662;CRUZETA DISTR CONCR TIPO RETAN 2400MM 90X115MM 400DAN CAA2;1.0;1.0;
;ESTRUTURA T1;ROPRIMT1;RONDONIA;MATERIAL;90253;ISOLADOR PILAR PORCEL 15,0KV 220MM 300MM 8.0KN M20 CTC;3.0;3.0;
;ESTRUTURA T1;ROPRIMT1;RONDONIA;MATERIAL;90444;MAO FRANCESA PLANA ACO GALV 726X32MM 5MM 3000DAN;2.0;2.0;
;ESTRUTURA T1;ROPRIMT1;RONDONIA;MATERIAL;90361;PARAFUSO DISTR CAB QUAD ACO-GALV M16 150MM 5000DAN;2.0;2.0;
;ESTRUTURA T1;ROPRIMT1;RONDONIA;MATERIAL;90251;PINO ISOLADOR AUTOTRAVANTE ACO M20/M16 168,5MM;2.0;2.0;
;ESTRUTURA T1;ROPRIMT1;RONDONIA;MATERIAL;90252;PINO ISOLADOR AUTOTRAVANTE ACO M20/M16 85,0MM;1.0;1.0;
;ESTRUTURA T1;ROPRIMT1;RONDONIA;MATERIAL;90524;SUPORTE ISOLADOR PILAR ACO-GALV 15KV 305X90X35MM 210DAN;1.0;1.0;
T2;ESTRUTURA T2;ROPRIMT2;RONDONIA;MAO-DE-OBRA;1089;Amarração de condutor no isolador.;6.0;6.0;
;ESTRUTURA T2;ROPRIMT2;RONDONIA;MAO-DE-OBRA;1031;Tipo N2/N3/M2/M3/B2/B3.;1.0;1.0;
;ESTRUTURA T2;ROPRIMT2;RONDONIA;MATERIAL;90389;ARRUELA QUADRADA ACO GALV 38X18X3MM;6.0;6.0;
;ESTRUTURA T2;ROPRIMT2;RONDONIA;MATERIAL;90662;CRUZETA DISTR CONCR TIPO RETAN 2400MM 90X115MM 400DAN CAA2;2.0;2.0;
;ESTRUTURA T2;ROPRIMT2;RONDONIA;MATERIAL;90391;FIO AMARRACAO ALUMINIO MOLE 1F 6AWG 4.11MM 80DAN;0.45;0.45;
;ESTRUTURA T2;ROPRIMT2;RONDONIA;MATERIAL;90253;ISOLADOR PILAR PORCEL 15,0KV 220MM 300MM 8.0KN M20 CTC;6.0;6.0;
;ESTRUTURA T2;ROPRIMT2;RONDONIA;MATERIAL;90444;MAO FRANCESA PLANA ACO GALV 726X32MM 5MM 3000DAN;4.0;4.0;
;ESTRUTURA T2;ROPRIMT2;RONDONIA;MATERIAL;90361;PARAFUSO DISTR CAB QUAD ACO-GALV M16 150MM 5000DAN;4.0;4.0;
;ESTRUTURA T2;ROPRIMT2;RONDONIA;MATERIAL;90364;PARAFUSO DISTR CAB QUAD ACO-GALV M16 300MM 5000DAN;1.0;1.0;
;ESTRUTURA T2;ROPRIMT2;RONDONIA;MATERIAL;90379;PARAFUSO DISTR ROSC TOTAL ACO-GALV M16 400MM 5000DAN;3.0;3.0;
;ESTRUTURA T2;ROPRIMT2;RONDONIA;MATERIAL;90251;PINO ISOLADOR AUTOTRAVANTE ACO M20/M16 168,5MM;4.0;4.0;
;ESTRUTURA T2;ROPRIMT2;RONDONIA;MATERIAL;90252;PINO ISOLADOR AUTOTRAVANTE ACO M20/M16 85,0MM;2.0;2.0;
;ESTRUTURA T2;ROPRIMT2;RONDONIA;MATERIAL;90524;SUPORTE ISOLADOR PILAR ACO-GALV 15KV 305X90X35MM 210DAN;2.0;2.0;
T3;ESTRUTURA T3;ROPRIMT3;RONDONIA;MAO-DE-OBRA;1031;Tipo N2/N3/M2/M3/B2/B3.;1.0;1.0;
;ESTRUTURA T3;ROPRIMT3;RONDONIA;MATERIAL;90389;ARRUELA QUADRADA ACO GALV 38X18X3MM;4.0;4.0;
;ESTRUTURA T3;ROPRIMT3;RONDONIA;MATERIAL;90662;CRUZETA DISTR CONCR TIPO RETAN 2400MM 90X115MM 400DAN CAA2;2.0;2.0;
;ESTRUTURA T3;ROPRIMT3;RONDONIA;MATERIAL;90448;GANCHO OLHAL ACO-GALV 130X88X13MM 50KN S/TRAVA;3.0;3.0;
;ESTRUTURA T3;ROPRIMT3;RONDONIA;MATERIAL;90277;ISOLADOR BASTAO POLIM ANCOR 15.0KV 370MM 380MM 50KN GO;3.0;3.0;
;ESTRUTURA T3;ROPRIMT3;RONDONIA;MATERIAL;90440;MANILHA SAPATILHA ACO GALV 110X60X34MM 5000DAN;3.0;3.0;
;ESTRUTURA T3;ROPRIMT3;RONDONIA;MATERIAL;90444;MAO FRANCESA PLANA ACO GALV 726X32MM 5MM 3000DAN;4.0;4.0;
;ESTRUTURA T3;ROPRIMT3;RONDONIA;MATERIAL;90446;OLHAL P/ PARAFUSO DISTR ACO-GALV 74X35MM 30X18MM 50KN;3.0;3.0;
;ESTRUTURA T3;ROPRIMT3;RONDONIA;MATERIAL;90361;PARAFUSO DISTR CAB QUAD ACO-GALV M16 150MM 5000DAN;4.0;4.0;
;ESTRUTURA T3;ROPRIMT3;RONDONIA;MATERIAL;90364;PARAFUSO DISTR CAB QUAD ACO-GALV M16 300MM 5000DAN;1.0;1.0;
;ESTRUTURA T3;ROPRIMT3;RONDONIA;MATERIAL;90379;PARAFUSO DISTR ROSC TOTAL ACO-GALV M16 400MM 5000DAN;3.0;3.0;
;ESTRUTURA T3;ROPRIMT3;RONDONIA;MATERIAL;90388;PORCA QUADR PESADA ACO-GALV M16 24X24X13MM 5000DAN;4.0;4.0;
;ESTRUTURA T4;ROPRIMT4;RONDONIA;MAO-DE-OBRA;1089;Amarração de condutor no isolador.;1.0;1.0;
T4;ESTRUTURA T4;ROPRIMT4;RONDONIA;MAO-DE-OBRA;1032;Tipo N4/M4/B4/TE.;1.0;1.0;
;ESTRUTURA T4;ROPRIMT4;RONDONIA;MATERIAL;90389;ARRUELA QUADRADA ACO GALV 38X18X3MM;4.0;4.0;
;ESTRUTURA T4;ROPRIMT4;RONDONIA;MATERIAL;90662;CRUZETA DISTR CONCR TIPO RETAN 2400MM 90X115MM 400DAN CAA2;2.0;2.0;
;ESTRUTURA T4;ROPRIMT4;RONDONIA;MATERIAL;90391;FIO AMARRACAO ALUMINIO MOLE 1F 6AWG 4.11MM 80DAN;1.0;1.0;
;ESTRUTURA T4;ROPRIMT4;RONDONIA;MATERIAL;90448;GANCHO OLHAL ACO-GALV 130X88X13MM 50KN S/TRAVA;6.0;6.0;
;ESTRUTURA T4;ROPRIMT4;RONDONIA;MATERIAL;90277;ISOLADOR BASTAO POLIM ANCOR 15.0KV 370MM 380MM 50KN GO;6.0;6.0;
;ESTRUTURA T4;ROPRIMT4;RONDONIA;MATERIAL;90253;ISOLADOR PILAR PORCEL 15,0KV 220MM 300MM 8.0KN M20 CTC;1.0;1.0;
;ESTRUTURA T4;ROPRIMT4;RONDONIA;MATERIAL;90440;MANILHA SAPATILHA ACO GALV 110X60X34MM 5000DAN;6.0;6.0;
;ESTRUTURA T4;ROPRIMT4;RONDONIA;MATERIAL;90444;MAO FRANCESA PLANA ACO GALV 726X32MM 5MM 3000DAN;4.0;4.0;
;ESTRUTURA T4;ROPRIMT4;RONDONIA;MATERIAL;90446;OLHAL P/ PARAFUSO DISTR ACO-GALV 74X35MM 30X18MM 50KN;6.0;6.0;
;ESTRUTURA T4;ROPRIMT4;RONDONIA;MATERIAL;90361;PARAFUSO DISTR CAB QUAD ACO-GALV M16 150MM 5000DAN;4.0;4.0;
;ESTRUTURA T4;ROPRIMT4;RONDONIA;MATERIAL;90364;PARAFUSO DISTR CAB QUAD ACO-GALV M16 300MM 5000DAN;1.0;1.0;
;ESTRUTURA T4;ROPRIMT4;RONDONIA;MATERIAL;90379;PARAFUSO DISTR ROSC TOTAL ACO-GALV M16 400MM 5000DAN;3.0;3.0;
;ESTRUTURA T4;ROPRIMT4;RONDONIA;MATERIAL;90252;PINO ISOLADOR AUTOTRAVANTE ACO M20/M16 85,0MM;1.0;1.0;
;ESTRUTURA T4;ROPRIMT4;RONDONIA;MATERIAL;90388;PORCA QUADR PESADA ACO-GALV M16 24X24X13MM 5000DAN;4.0;4.0;
;ESTRUTURA T4;ROPRIMT4;RONDONIA;MATERIAL;90524;SUPORTE ISOLADOR PILAR ACO-GALV 15KV 305X90X35MM 210DAN;2.0;2.0;
3F;SECCIONAMENTO DE CERCA 3 FIOS LISOS;ROSEC3FL;RONDONIA;MATERIAL;90300;ARAME REDOND ACO-GALV DURA 2,77MM BWG12;0.2;0.2;
;SECCIONAMENTO DE CERCA 3 FIOS LISOS;ROSEC3FL;RONDONIA;MATERIAL;22249;HASTE ATERRAMENTO PERF L CHANFR 25,0X25,0X 1000,0MM;3.0;3.0;
;SECCIONAMENTO DE CERCA 3 FIOS LISOS;ROSEC3FL;RONDONIA;MATERIAL;90954;SECCIONADOR PREF ACO-GALV 2,60-3,00MM 800MM 900DAN AMR;6.0;6.0;
4F;SECCIONAMENTO DE CERCA 4 FIOS LISOS;ROSEC4FL;RONDONIA;MAO-DE-OBRA;1129;Aterramento e seccionamento de cerca.;1.0;1.0;
;SECCIONAMENTO DE CERCA 4 FIOS LISOS;ROSEC4FL;RONDONIA;MATERIAL;90300;ARAME REDOND ACO-GALV DURA 2,77MM BWG12;0.2;0.2;
;SECCIONAMENTO DE CERCA 4 FIOS LISOS;ROSEC4FL;RONDONIA;MATERIAL;22249;HASTE ATERRAMENTO PERF L CHANFR 25,0X25,0X 1000,0MM;3.0;3.0;
;SECCIONAMENTO DE CERCA 4 FIOS LISOS;ROSEC4FL;RONDONIA;MATERIAL;90954;SECCIONADOR PREF ACO-GALV 2,60-3,00MM 800MM 900DAN AMR;8.0;8.0;
5F;SECCIONAMENTO DE CERCA 5 FIOS LISOS;ROSEC5FL;RONDONIA;MAO-DE-OBRA;1129;Aterramento e seccionamento de cerca.;1.0;1.0;
;SECCIONAMENTO DE CERCA 5 FIOS LISOS;ROSEC5FL;RONDONIA;MATERIAL;90300;ARAME REDOND ACO-GALV DURA 2,77MM BWG12;0.3;0.3;
;SECCIONAMENTO DE CERCA 5 FIOS LISOS;ROSEC5FL;RONDONIA;MATERIAL;22249;HASTE ATERRAMENTO PERF L CHANFR 25,0X25,0X 1000,0MM;3.0;3.0;
;SECCIONAMENTO DE CERCA 5 FIOS LISOS;ROSEC5FL;RONDONIA;MATERIAL;90954;SECCIONADOR PREF ACO-GALV 2,60-3,00MM 800MM 900DAN AMR;10.0;10.0;
6F;SECCIONAMENTO DE CERCA 6 FIOS LISOS;ROSEC6FL;RONDONIA;MAO-DE-OBRA;1129;Aterramento e seccionamento de cerca.;1.0;1.0;
;SECCIONAMENTO DE CERCA 6 FIOS LISOS;ROSEC6FL;RONDONIA;MATERIAL;90300;ARAME REDOND ACO-GALV DURA 2,77MM BWG12;0.4;0.4;
;SECCIONAMENTO DE CERCA 6 FIOS LISOS;ROSEC6FL;RONDONIA;MATERIAL;22249;HASTE ATERRAMENTO PERF L CHANFR 25,0X25,0X 1000,0MM;3.0;3.0;
;SECCIONAMENTO DE CERCA 6 FIOS LISOS;ROSEC6FL;RONDONIA;MATERIAL;90954;SECCIONADOR PREF ACO-GALV 2,60-3,00MM 800MM 900DAN AMR;12.0;12.0;
7F;SECCIONAMENTO DE CERCA 7 FIOS LISOS;ROSEC7FL;RONDONIA;MAO-DE-OBRA;1129;Aterramento e seccionamento de cerca.;1.0;1.0;
;SECCIONAMENTO DE CERCA 7 FIOS LISOS;ROSEC7FL;RONDONIA;MATERIAL;90300;ARAME REDOND ACO-GALV DURA 2,77MM BWG12;0.4;0.4;
;SECCIONAMENTO DE CERCA 7 FIOS LISOS;ROSEC7FL;RONDONIA;MATERIAL;22249;HASTE ATERRAMENTO PERF L CHANFR 25,0X25,0X 1000,0MM;3.0;3.0;
;SECCIONAMENTO DE CERCA 7 FIOS LISOS;ROSEC7FL;RONDONIA;MATERIAL;90954;SECCIONADOR PREF ACO-GALV 2,60-3,00MM 800MM 900DAN AMR;14.0;14.0;
8F;SECCIONAMENTO DE CERCA 8 FIOS LISOS;ROSEC8FL;RONDONIA;MAO-DE-OBRA;1129;Aterramento e seccionamento de cerca.;1.0;1.0;
;SECCIONAMENTO DE CERCA 8 FIOS LISOS;ROSEC8FL;RONDONIA;MATERIAL;90300;ARAME REDOND ACO-GALV DURA 2,77MM BWG12;0.4;0.4;
;SECCIONAMENTO DE CERCA 8 FIOS LISOS;ROSEC8FL;RONDONIA;MATERIAL;22249;HASTE ATERRAMENTO PERF L CHANFR 25,0X25,0X 1000,0MM;3.0;3.0;
;SECCIONAMENTO DE CERCA 8 FIOS LISOS;ROSEC8FL;RONDONIA;MATERIAL;90954;SECCIONADOR PREF ACO-GALV 2,60-3,00MM 800MM 900DAN AMR;16.0;16.0;
9F;SECCIONAMENTO DE CERCA 9 FIOS LISOS;ROSEC9FL;RONDONIA;MAO-DE-OBRA;1129;Aterramento e seccionamento de cerca.;1.0;1.0;
;SECCIONAMENTO DE CERCA 9 FIOS LISOS;ROSEC9FL;RONDONIA;MATERIAL;90300;ARAME REDOND ACO-GALV DURA 2,77MM BWG12;0.4;0.4;
;SECCIONAMENTO DE CERCA 9 FIOS LISOS;ROSEC9FL;RONDONIA;MATERIAL;22249;HASTE ATERRAMENTO PERF L CHANFR 25,0X25,0X 1000,0MM;3.0;3.0;
;SECCIONAMENTO DE CERCA 9 FIOS LISOS;ROSEC9FL;RONDONIA;MATERIAL;90954;SECCIONADOR PREF ACO-GALV 2,60-3,00MM 800MM 900DAN AMR;18.0;18.0;
TR115;TRAFO 15KVA MONOFÁSICO SEM CHAVE;ROTRF1F15;RONDONIA;MAO-DE-OBRA;1073;Trafo Monofásico com pára-raios e sem chaves.;1.0;1.0;
;TRAFO 15KVA MONOFÁSICO SEM CHAVE;ROTRF1F15;RONDONIA;MATERIAL;91008;TRANSF DISTR AER OMI 1F/N 7,969KV 240/120V 15KVA CL2 5TP;0.0;1.0;
;TRAFO 15KVA MONOFÁSICO SEM CHAVE;ROTRF1F15;RONDONIA;MATERIAL;91617;TRANSF DISTR AER OVI 1F 7,967KV 240/120V 15KVA CL2 5TP;1.0;0.0;
TR125;TRAFO 25KVA MONOFÁSICO SEM CHAVE;ROTRF1F25;RONDONIA;MAO-DE-OBRA;1073;Trafo Monofásico com pára-raios e sem chaves.;1.0;1.0;
;TRAFO 25KVA MONOFÁSICO SEM CHAVE;ROTRF1F25;RONDONIA;MATERIAL;91618;TRANSF DISTR AER OVI 1F 7,967KV 240/120V 25KVA CL2 5TP;1.0;1.0;
TR110;TRAFO 10KVA MONOFÁSICO SEM CHAVE;ROTRF1F10;RONDONIA;MAO-DE-OBRA;1073;Trafo Monofásico com pára-raios e sem chaves.;1.0;1.0;
;TRAFO 10KVA MONOFÁSICO SEM CHAVE;ROTRF1F10;RONDONIA;MATERIAL;91027;TRANSF DISTR AER OMI 1F 7,969KV 240/120V 10KVA CL2 5TP;0.0;1.0;
;TRAFO 10KVA MONOFÁSICO SEM CHAVE;ROTRF1F10;RONDONIA;MATERIAL;91616;TRANSF DISTR AER OVI 1F 7,967KV 240/120V 10KVA CL2 5TP;1.0;0.0;
TR15;TRAFO 5KVA MONOFÁSICO SEM CHAVE;ROTRF1F5;RONDONIA;MAO-DE-OBRA;1073;Trafo Monofásico com pára-raios e sem chaves.;1.0;1.0;
;TRAFO 5KVA MONOFÁSICO SEM CHAVE;ROTRF1F5;RONDONIA;MATERIAL;91026;TRANSF DISTR AER OMI 1F 7,969KV 240/120V 5KVA CL2 5TP;1.0;1.0;
TR3112;TRAFO 112,5KVA TRIFÁSICO SEM CHAVE REDE NUA;ROTRF3F112;RONDONIA;MAO-DE-OBRA;1070;Trafo trifasico com pára-raios e sem chave.;1.0;1.0;
;TRAFO 112,5KVA TRIFÁSICO SEM CHAVE REDE NUA;ROTRF3F112;RONDONIA;MATERIAL;90048;TRANSF DISTR AER OMI 3F 13,8KV 220/127V 112,5KVA CL2 4TP;0.0;1.0;
;TRAFO 112,5KVA TRIFÁSICO SEM CHAVE REDE NUA;ROTRF3F112;RONDONIA;MATERIAL;91130;TRANSF DISTR AER OVI 3F 13,8KV 220/127V 112,5KVA CL2 4TP;1.0;0.0;
TR375;TRAFO 75KVA TRIFÁSICO SEM CHAVE;ROTRF3F75;RONDONIA;MAO-DE-OBRA;1070;Trafo trifasico com pára-raios e sem chave.;1.0;1.0;
;TRAFO 75KVA TRIFÁSICO SEM CHAVE;ROTRF3F75;RONDONIA;MATERIAL;91129;TRANSF DISTR AER OVI 3F 13,8KV 220/127V 75KVA CL2 4TP;1.0;0.0;
;TRAFO 75KVA TRIFÁSICO SEM CHAVE;ROTRF3F75;RONDONIA;MATERIAL;90055;TRANSF DISTR AER OMI 3F 13,8KV 220/127V 75KVA CL2 4TP;0.0;1.0;
TR345;TRAFO 45KVA TRIFÁSICO SEM CHAVE;ROTRF3F45;RONDONIA;MAO-DE-OBRA;1070;Trafo trifasico com pára-raios e sem chave.;1.0;1.0;
;TRAFO 45KVA TRIFÁSICO SEM CHAVE;ROTRF3F45;RONDONIA;MATERIAL;90054;TRANSF DISTR AER OMI 3F 13,8KV 220/127V 45KVA CL2 4TP;1.0;1.0;
EF05H;ELO FUSIVEL 0,5H;S_ELO0,5H;RONDONIA;MAO-DE-OBRA;1083;Elo Fusível (peça).;1.0;1.0;
;ELO FUSIVEL 0,5H;S_ELO0,5H;RONDONIA;MATERIAL;90497;ELO FUSIVEL DISTRIBUICAO TIPO H 0,5A 500MM;1.0;1.0;
EF12K;ELO FUSIVEL 12K;S_ELO12K;RONDONIA;MAO-DE-OBRA;1083;Elo Fusível (peça).;1.0;1.0;
;ELO FUSIVEL 12K;S_ELO12K;RONDONIA;MATERIAL;90505;ELO FUSIVEL DISTRIBUICAO TIPO K 12A 500MM;1.0;1.0;
EF1H;ELO FUSIVEL 1H;S_ELO1H;RONDONIA;MAO-DE-OBRA;1083;Elo Fusível (peça).;1.0;1.0;
;ELO FUSIVEL 1H;S_ELO1H;RONDONIA;MATERIAL;90498;ELO FUSIVEL DISTRIBUICAO TIPO H 1A 500MM;1.0;1.0;
EF2H;ELO FUSIVEL 2H;S_ELO2H;RONDONIA;MAO-DE-OBRA;1083;Elo Fusível (peça).;1.0;1.0;
;ELO FUSIVEL 2H;S_ELO2H;RONDONIA;MATERIAL;90499;ELO FUSIVEL DISTRIBUICAO TIPO H 2A 500MM;1.0;1.0;
EF3H;ELO FUSIVEL 3H;S_ELO3H;RONDONIA;MAO-DE-OBRA;1083;Elo Fusível (peça).;1.0;1.0;
;ELO FUSIVEL 3H;S_ELO3H;RONDONIA;MATERIAL;90500;ELO FUSIVEL DISTRIBUICAO TIPO H 3A 500MM;1.0;1.0;
EF5H;ELO FUSIVEL 5H;S_ELO5H;RONDONIA;MAO-DE-OBRA;1083;Elo Fusível (peça).;1.0;1.0;
;ELO FUSIVEL 5H;S_ELO5H;RONDONIA;MATERIAL;90501;ELO FUSIVEL DISTRIBUICAO TIPO H 5A 500MM;1.0;1.0;
S0;ESTRUTURA SECUNDARIA TANGENTE S0;S0;RONDONIA;MAO-DE-OBRA;1046;Estrutura Secundária 10 e 30;1.0;1.0;
;ESTRUTURA SECUNDARIA TANGENTE S0;S0;RONDONIA;MATERIAL;90389;ARRUELA QUADRADA ACO GALV 38X18X3MM;2.0;2.0;
;ESTRUTURA SECUNDARIA TANGENTE S0;S0;RONDONIA;MATERIAL;90365;PARAFUSO DISTR CAB QUAD ACO-GALV M16 350MM 5000DAN;1.0;1.0;
;ESTRUTURA SECUNDARIA TANGENTE S0;S0;RONDONIA;MATERIAL;90387;PORCA OLHAL STD SAE1045 GALV MG M16 78,0MM;1.0;1.0;
;ESTRUTURA SECUNDARIA TANGENTE S0;S0;RONDONIA;MATERIAL;90409;SAPATILHA DISTRIBUICAO ACO-GALV 9,5MM 3/8POL 3160DAN;2.0;2.0;
S0T;ESTRUTURA SECUNDARIA TOPO S0T;S0T;RONDONIA;MAO-DE-OBRA;1046;Estrutura Secundária 10 e 30;1.0;1.0;
;ESTRUTURA SECUNDARIA TOPO S0T;S0T;RONDONIA;MATERIAL;90389;ARRUELA QUADRADA ACO GALV 38X18X3MM;2.0;2.0;
;ESTRUTURA SECUNDARIA TOPO S0T;S0T;RONDONIA;MATERIAL;90365;PARAFUSO DISTR CAB QUAD ACO-GALV M16 350MM 5000DAN;1.0;1.0;
;ESTRUTURA SECUNDARIA TOPO S0T;S0T;RONDONIA;MATERIAL;90387;PORCA OLHAL STD SAE1045 GALV MG M16 78,0MM;1.0;1.0;
;ESTRUTURA SECUNDARIA TOPO S0T;S0T;RONDONIA;MATERIAL;90409;SAPATILHA DISTRIBUICAO ACO-GALV 9,5MM 3/8POL 3160DAN;1.0;1.0;
SUPLC;"SUPORTE ""L"" 290MM";SUPORTE L;RONDONIA;MATERIAL;90522;SUPORTE TIPO L CRUZETA ACO-GALV 205X85X38X8MM 200DAN;1.0;1.0;
SUPTR;KIT PARA TRAFO TRIFASICOS;SUPORTE TR;RONDONIA;MATERIAL;90389;ARRUELA QUADRADA ACO GALV 38X18X3MM;16.0;16.0;
;KIT PARA TRAFO TRIFASICOS;SUPORTE TR;RONDONIA;MATERIAL;90373;PARAFUSO DISTR CAB ABAU ACO-GALV M16 70MM 5000DAN;8.0;8.0;
;KIT PARA TRAFO TRIFASICOS;SUPORTE TR;RONDONIA;MATERIAL;90903;SUPORTE TRANSF PST DT ACO GALV 210X115MM 76X8MM 3000DAN;2.0;2.0;
SUPZ;SUPORTE Z PARA CHAVE/PARA-RAIOS (REDE COMPACTA);SUPORTE Z;RONDONIA;MATERIAL;90523;SUPORTE TIPO Z ACO-GALV 15/36,2KV 85X113X85X9,5MM 400DAN;1.0;1.0;
TR1;REINSTALAR TRAFO MONOFASICO;TRAFO 1;RONDONIA;MAO-DE-OBRA;1071;Trafo Monofasico;1.0;1.0;
TR1PR;REINSTALAR TRAFO MONO COM PARA RAIO;TRAFO 1 PR;RONDONIA;MAO-DE-OBRA;1073;Trafo Monofásico com pára-raios e sem chaves.;1.0;1.0;
TR1PRCH;REINSTALAR TRAFO MONO COM PARA RAIO E CHAVE;TRAFO 1 PR CH;RONDONIA;MAO-DE-OBRA;1072;Trafo Monofásico com chaves e pára-raios;1.0;1.0;
TR3;REINSTALAR TRAFO TRIFASICO;TRAFO 3;RONDONIA;MAO-DE-OBRA;1074;Trafo Trifasico;1.0;1.0;
TR3PR;REINSTALAR TRAFO TRIF COM PARA RAIO;TRAFO 3 PR;RONDONIA;MAO-DE-OBRA;1070;Trafo trifasico com pára-raios e sem chave.;1.0;1.0;
TR3PRCH;REINSTALAR TRAFO TRIF COM PARA RAIO E CHAVE;TRAFO 3 PR CH;RONDONIA;MAO-DE-OBRA;1069;Trafo trifasico com chaves e pára-raios.;1.0;1.0;
;TRANSF DISTR AER OVI 1F 19,919KV 240/120V 15KVA CL2 5TP;91632;RONDONIA;MATERIAL;91632;TRANSF DISTR AER OVI 1F 19,919KV 240/120V 15KVA CL2 5TP;1.0;1.0;
MEDT;MEDIDOR Trifásico Rural/Urbano;MDTR120;RONDONIA;MATERIAL;42780;MEDIDOR TRIF.EN.ATIV/REAT 120/240V;1.0;1.0;
;MEDIDOR Trifásico Rural/Urbano;MDTR120;RONDONIA;MAO-DE-OBRA;60128;MEDIDOR 3F;1.0;1.0;
MEDB;MEDIDOR Bifásico Rural/Urbano;ROMB120;RONDONIA;MATERIAL;42839;MEDIDOR BIF.EN.AT.120V.15A.3FIOS.S/M;1.0;1.0;
;MEDIDOR Bifásico Rural/Urbano;ROMB120;RONDONIA;MAO-DE-OBRA;60127;MEDIDOR 2F;1.0;1.0;
MEDR;MEDIDOR Monofásico Rural;ROMDM240;RONDONIA;MATERIAL;42834;MEDIDOR MONOF.EN.AT.240V.15A.3FIOS.S/M;1.0;1.0;
;MEDIDOR Monofásico Rural;ROMDM240;RONDONIA;MAO-DE-OBRA;60126;MEDIDOR 1F;1.0;1.0;
MEDU;MEDIDOR Monofásico Urbano;ROMM120;RONDONIA;MATERIAL;42829;MEDIDOR MONOF.EN.AT.120/240V.15A.2FIOS.S/M;1.0;1.0;
;MEDIDOR Monofásico Urbano;ROMM120;RONDONIA;MAO-DE-OBRA;60126;MEDIDOR 1F;1.0;1.0;
;POSTE CONCRETO DT 10/400;10400;RONDONIA;MATERIAL;22793;POSTE CONCRETO DT 10/400;1.0;1.0;
DT10/400;POSTE CONCRETO DT 10/400;10400;RONDONIA;MAO-DE-OBRA;1015;POSTE CONCRETO DT 10/400;1.0;1.0;
TR3112V;TRANSF DISTR AER OVI 3F 13,8KV 220/127V 112,5KVA CL2 4TP;91130;RONDONIA;MATERIAL;91130;TRANSF DISTR AER OVI 3F 13,8KV 220/127V 112,5KVA CL2 4TP;1.0;1.0;
TR3150V;TRANSF DISTR AER OVI 3F 13,8KV 220/127V 150KVA CL2 4TP;91131;RONDONIA;MATERIAL;91131;TRANSF DISTR AER OVI 3F 13,8KV 220/127V 150KVA CL2 4TP;1.0;1.0;
TR315V;TRANSF DISTR AER OVI 3F 13,8KV 220/127V 15KVA CL2 4TP;91126;RONDONIA;MATERIAL;91126;TRANSF DISTR AER OVI 3F 13,8KV 220/127V 15KVA CL2 4TP;1.0;1.0;
TR3225V;TRANSF DISTR AER OVI 3F 13,8KV 220/127V 225KVA CL2 4TP;91132;RONDONIA;MATERIAL;91132;TRANSF DISTR AER OVI 3F 13,8KV 220/127V 225KVA CL2 4TP;1.0;1.0;
TR3300V;TRANSF DISTR AER OVI 3F 13,8KV 220/127V 300KVA CL2 4TP;91133;RONDONIA;MATERIAL;91133;TRANSF DISTR AER OVI 3F 13,8KV 220/127V 300KVA CL2 4TP;1.0;1.0;
TR330V;TRANSF DISTR AER OVI 3F 13,8KV 220/127V 30KVA CL2 4TP;91127;RONDONIA;MATERIAL;91127;TRANSF DISTR AER OVI 3F 13,8KV 220/127V 30KVA CL2 4TP;1.0;1.0;
TR345V;TRANSF DISTR AER OVI 3F 13,8KV 220/127V 45KVA CL2 4TP;91128;RONDONIA;MATERIAL;91128;TRANSF DISTR AER OVI 3F 13,8KV 220/127V 45KVA CL2 4TP;1.0;1.0;
TR375V;TRANSF DISTR AER OVI 3F 13,8KV 220/127V 75KVA CL2 4TP;91129;RONDONIA;MATERIAL;91129;TRANSF DISTR AER OVI 3F 13,8KV 220/127V 75KVA CL2 4TP;1.0;1.0;
;TRANSF DISTR AER OVI 3F 34,5KV 220/127V 112,5KVA CL2 4TP;91189;RONDONIA;MATERIAL;91189;TRANSF DISTR AER OVI 3F 34,5KV 220/127V 112,5KVA CL2 4TP;1.0;1.0;
;TRANSF DISTR AER OVI 3F 34,5KV 220/127V 150KVA CL2 4TP;91193;RONDONIA;MATERIAL;91193;TRANSF DISTR AER OVI 3F 34,5KV 220/127V 150KVA CL2 4TP;1.0;1.0;
;TRANSF DISTR AER OVI 3F 34,5KV 220/127V 15KVA CL2 4TP;91185;RONDONIA;MATERIAL;91185;TRANSF DISTR AER OVI 3F 34,5KV 220/127V 15KVA CL2 4TP;1.0;1.0;
;TRANSF DISTR AER OVI 3F 34,5KV 220/127V 30KVA CL2 4TP;91186;RONDONIA;MATERIAL;91186;TRANSF DISTR AER OVI 3F 34,5KV 220/127V 30KVA CL2 4TP;1.0;1.0;
;TRANSF DISTR AER OVI 3F 34,5KV 220/127V 45KVA CL2 4TP;91187;RONDONIA;MATERIAL;91187;TRANSF DISTR AER OVI 3F 34,5KV 220/127V 45KVA CL2 4TP;1.0;1.0;
;TRANSF DISTR AER OVI 3F 34,5KV 220/127V 75KVA CL2 4TP;91188;RONDONIA;MATERIAL;91188;TRANSF DISTR AER OVI 3F 34,5KV 220/127V 75KVA CL2 4TP;1.0;1.0;
;TRANSF DISTR AER OVI 3F 34,5KV 220/127V 225KVA CL2 4TP;91194;RONDONIA;MATERIAL;91194;TRANSF DISTR AER OVI 3F 34,5KV 220/127V 225KVA CL2 4TP;1.0;1.0;
;TRANSF DISTR AER OVI 3F 34,5KV 220/127V 300KVA CL2 4TP;91195;RONDONIA;MATERIAL;91195;TRANSF DISTR AER OVI 3F 34,5KV 220/127V 300KVA CL2 4TP;1.0;1.0;
TR125V;TRANSF DISTR AER OVI 1F 7,967KV 240/120V 25KVA CL2 5TP;91618;RONDONIA;MATERIAL;91618;TRANSF DISTR AER OVI 1F 7,967KV 240/120V 25KVA CL2 5TP;1.0;1.0;
TR115V;TRANSF DISTR AER OVI 1F 7,967KV 240/120V 15KVA CL2 5TP;91617;RONDONIA;MATERIAL;91617;TRANSF DISTR AER OVI 1F 7,967KV 240/120V 15KVA CL2 5TP;1.0;1.0;
;TRANSF DISTR AER OVI 1F 19,919KV 240/120V 15KVA CL2 5TP;91632;RONDONIA;MATERIAL;91632;TRANSF DISTR AER OVI 1F 19,919KV 240/120V 15KVA CL2 5TP;1.0;1.0;
;TRANSF DISTR AER OVI 1F 19,919KV 240/120V 25KVA CL2 5TP;91633;RONDONIA;MATERIAL;91633;TRANSF DISTR AER OVI 1F 19,919KV 240/120V 25KVA CL2 5TP;1.0;1.0;
TR110V;TRANSF DISTR AER OVI 1F 7,967KV 240/120V 10KVA CL2 5TP;91616;RONDONIA;MATERIAL;91616;TRANSF DISTR AER OVI 1F 7,967KV 240/120V 10KVA CL2 5TP;1.0;1.0;
;TRANSF DISTR AER OVI 1F 19,919KV 240/120V 10KVA CL2 5TP;91631;RONDONIA;MATERIAL;91631;TRANSF DISTR AER OVI 1F 19,919KV 240/120V 10KVA CL2 5TP;1.0;1.0;
;;;;;90394;ABRACADEIRA CINTA AUTOTRAV POLIAM PT 230X9,0MM;1.0;1.0;
;;;;;90395;ABRACADEIRA CINTA AUTOTRAV POLIAM PT 390X9,0MM;1.0;1.0;
;;;;;90396;ABRACADEIRA IDENTIFIC CABO AUTOTRAV POLIAM PT LETRA A;1.0;1.0;
;;;;;90397;ABRACADEIRA IDENTIFIC CABO AUTOTRAV POLIAM PT LETRA B;1.0;1.0;
;;;;;90398;ABRACADEIRA IDENTIFIC CABO AUTOTRAV POLIAM PT LETRA C;1.0;1.0;
;;;;;90229;AFASTADOR ARMACAO SECUND SAE1020 GALV 5 FUROS 500X 900MM;1.0;1.0;
;;;;;90307;ALCA PREFORM DISTRIB ACO 1/0AWG(CA/CAA) 670,0MM;1.0;1.0;
;;;;;90308;ALCA PREFORM DISTRIB ACO 120MM2(CAL)/4/0AWG(CA/CAA) 865,0MM;1.0;1.0;
;;;;;90310;ALCA PREFORM DISTRIB ACO 336,4MCM(CAA) 1000,0MM;1.0;1.0;
;;;;;90306;ALCA PREFORM DISTRIB ACO 35,0MM2(CAL)/2AWG(CA/CAA) 610,0MM;1.0;1.0;
;;;;;90683;ALCA PREFORM DISTRIB ACO 4AWG(CA/CAA) 430,0MM;1.0;1.0;
;;;;;90557;ALCA PREFORM DISTRIB ACO-ZINC 9,80-10,85MM 710MM PRT;1.0;1.0;
;;;;;90303;ALCA PREFORM SERVICO ACO 10,0MM2 (CA) 345,0MM;1.0;1.0;
;;;;;90304;ALCA PREFORM SERVICO ACO 16,0MM2 (CA) 305,0MM;1.0;1.0;
;;;;;90313;ALCA PREFORM SERVICO ACO ALUM 25,0MM2/4 AWG(CAA) 445,0MM;1.0;1.0;
;;;;;90324;ALCA PREFORM SERVICO ACO ALUM COND CONC 10,0MM2 355,0MM;1.0;1.0;
;;;;;90323;ALCA PREFORM SERVICO ACO ALUM COND CONC 6,00MM2 325,0MM;1.0;1.0;
;;;;;91248;ALCA PREF DISTR ACO-ZN 3X2,25MM 3X2.18MM 510MM PRT;1.0;1.0;
;;;;;90013;ALCA PREFORMADA CABO ACO STD 9,53MM 965,0MM;1.0;1.0;
;;;;;90537;ANEL AMARRACAO SI P/ESPACADOR 45X90X140MM;1.0;1.0;
;;;;;90423;SUPORTE TRANSF ESP PST DT ACO GALV 360X76X10MM 3000DAN;1.0;1.0;
;;;;;90538;ANEL AMARRACAO SI P/ISOLADOR 15KV 45X110X160MM;1.0;1.0;
;;;;;90393;ARMACAO SECUND ACO CARB GALV 1 ESTRIBO 5,0X 125,0X 110,0MM;1.0;1.0;
;;;;;92017;ARMACAO SECUNDARIA ACO GALV 2 ESTRIBOS 310X50X5,0MM 325X16MM;1.0;1.0;
;;;;;10054;ARMACAO SECUND DE 2 ESTRIBOS;1.0;1.0;
;;;;;10064;ARRUELA QUAD 18X100MM GALV;1.0;1.0;
;;;;;90389;ARRUELA QUADR REG SAE1020 GALV 18,0MM 38,0MM ESP 3MM;1.0;1.0;
;;;;;90540;BRACO ANTI-BALANCO 15,0KV 305MM;1.0;1.0;
;;;;;90542;BRACO REDE COMP TIPO C 15KV SAE1010/20 580MM;1.0;1.0;
;;;;;90536;BRACO REDE COMP TIPO J 15/35KV SAE1010/20 1650MM;1.0;1.0;
;;;;;90544;BRACO REDE COMP TIPO L 15KV SAE1010/20 354MM;1.0;1.0;
;;;;;90515;FIXADOR PERFIL U ACO GALV 37X76X176MM 150 DAN;1.0;1.0;
;;;;;90447;PERFIL U ACO GALV 900MM 76X37X6MM 400 DAN;1.0;1.0;
;;;;;90452;GRAMPO ANCOR DIELETR SINGLE 24,2KV 16,0-18,6MM 50MM2 400DAN;1.0;1.0;
;;;;;90453;GRAMPO ANCOR DIELETR SINGLE 24,2KV 20,8-23,4MM 120MM2 400DAN;1.0;1.0;
;;;;;90588;ALCA ESTRIBO NORM PERF COBRE 400A 130X150MM 8,2MM 15KV;1.0;1.0;
;;;;;90259;CABO ALUM CA NU 1/0 AWG 1F POPPY;1.0;1.0;
;;;;;90258;CABO ALUM CA NU 2 AWG 1F IRIS;1.0;1.0;
;;;;;90263;CABO ALUM CAA NU 1/0 AWG 1F RAVEN;1.0;1.0;
;;;;;90262;CABO ALUM CAA NU 2 AWG 1F SPARROW;1.0;1.0;
;;;;;90265;CABO ALUM CAA NU 336,4 MCM 1F LINNET;1.0;1.0;
;;;;;90560;CABO ALUM CAA NU 4 AWG 1F SWAN;1.0;1.0;
;;;;;90264;CABO ALUM CAA NU 4/0 AWG 1F PENGUIN;1.0;1.0;
;;;;;90625;CABO ALUM PROT DUP 120MM2 15,0KV 1F 15 FIOS;1.0;1.0;
;;;;;90626;CABO ALUM PROT DUP 185MM2 15,0KV 1F 30 FIOS;1.0;1.0;
;;;;;90624;CABO ALUM PROT DUP 50MM2 15,0KV 1F 6 FIOS;1.0;1.0;
;;;;;90296;CABO CONCENTR ALUM XLPE 1X1X10MM2+10MM2 1F;1.0;1.0;
;;;;;91095;CABO COBR POTENC SUBT 0,6/1,0KV PVC/XLPE 1X6MM2 1F PRT;1.0;1.0;
;;;;;71;CABO ACO-COBRE ATERRAMENTO, AC;1.0;1.0;
;;;;;1091;Cabo de Cobre Isolado 10 MM;1.0;1.0;
;;;;;90272;CABO MULTIPLEX 0,6/1KV AL XLPE 1X1X10MM2+10MM2 1F;1.0;1.0;
;;;;;90273;CABO MULTIPLEX 0,6/1KV AL XLPE 1X1X16MM2+16MM2 1F;1.0;1.0;
;;;;;90274;CABO MULTIPLEX 0,6/1KV AL XLPE 2X1X10MM2+10MM2 2F;1.0;1.0;
;;;;;90283;CABO MULTIPLEX 0,6/1KV AL XLPE 2X1X25 MM2+25 MM2 2F;1.0;1.0;
;;;;;90284;CABO MULTIPLEX 0,6/1KV AL XLPE 2X1X35MM2+35MM2 2F;1.0;1.0;
;;;;;90285;CABO MULTIPLEX 0,6/1KV AL XLPE 3X1X10MM2+10MM2 3F;1.0;1.0;
;;;;;90290;CABO MULTIPLEX 0,6/1KV AL XLPE 3X1X120MM2+70MM2 3F;1.0;1.0;
;;;;;90286;CABO MULTIPLEX 0,6/1KV AL XLPE 3X1X16MM2+16MM2 3F;1.0;1.0;
;;;;;90287;CABO MULTIPLEX 0,6/1KV AL XLPE 3X1X25MM2+25MM2 3F;1.0;1.0;
;;;;;90288;CABO MULTIPLEX 0,6/1KV AL XLPE 3X1X35MM2+35MM2 3F;1.0;1.0;
;;;;;90289;CABO MULTIPLEX 0,6/1KV AL XLPE 3X1X70MM2+70MM2 3F;1.0;1.0;
;;;;;90267;CABO PROT SPL ALUM 120MM2 15,0KV 1F 15 FIOS;1.0;1.0;
;;;;;90268;CABO PROT SPL ALUM 185MM2 15,0KV 1F 30 FIOS;1.0;1.0;
;;;;;90266;CABO PROT SPL ALUM 50MM2 15,0KV 1F 6 FIOS;1.0;1.0;
;;;;;62119;CAIXA P/FIXAR DISJUNTOR;1.0;1.0;
;;;;;90687;LACO CA 4;1.0;1.0;
;;;;;90688;LACO CA 2;1.0;1.0;
;;;;;90689;LACO CA 1/0;1.0;1.0;
;;;;;90416;CANTONEIRA PERFILADO ABAS IGUAIS 6,00MM 65X65X900MM 15/35KV;1.0;1.0;
;;;;;90969;CAPA PROT BORR SILIC PARA-RAIOS MT 15/36,2KV 70X97MM;1.0;1.0;
;;;;;90887;CAPA PROTETORA CONECTOR CUNHA 131X80X25X47 MM SERIE VERMELHA;1.0;1.0;
;;;;;90888;CAPA PROTETORA CONECTOR CUNHA 166X100X27X50 MM SERIE AZUL;1.0;1.0;
;;;;;90486;CARTUCHO FERRAM CONECTOR CUNHA AMARELO 24,30MM;1.0;1.0;
;;;;;90487;CARTUCHO FERRAM CONECTOR CUNHA AZUL 14,80MM;1.0;1.0;
;;;;;90488;CARTUCHO FERRAM CONECTOR CUNHA VERMELHO 14,80MM;1.0;1.0;
;;;;;90298;CARTUCHO PORTA FUS BASE C 15KV 100A 285MM;1.0;1.0;
;;;;;90518;CHAPA ESTAI SAE1010/20 8,0MM 76X 60X 70MM;1.0;1.0;
;;;;;90561;CHAVE FUSIV DISTR PRC BSC 24,2KV 300A 1F MAN SEC;1.0;1.0;
;;;;;90547;CHAVE FUS DISTR PORC 15,0KV 315A 1F MAN SECO 7,1KA BASE C;1.0;1.0;
;;;;;90549;CHAVE FUS REL PORC 15,0KV 315A 1F MAN SECO 7,1KA 3 INT;1.0;1.0;
;;;;;90554;CHAVE SECC FACA PORC EXT 11,4-13,8-15KV 630A 1F MAN SECO CEN;1.0;1.0;
;;;;;90551;CHAVE SECC FACA 15,0KV 400A 1F MAN SECO;1.0;1.0;
;;;;;1092;Cabo de Cobre Isolado 120 MM;1.0;1.0;
;;;;;1093;Cabo de Cobre Isolado 16 MM;1.0;1.0;
;;;;;1094;Cabo de Cobre Isolado 185 MM;1.0;1.0;
;;;;;1095;Cabo de Cobre Isolado 25 MM;1.0;1.0;
;;;;;1096;Cabo de Cobre Isolado 35 MM;1.0;1.0;
;;;;;90464;CONEC CUNHA RML COBR TP A 5,60-9,36/2,25-5,10MM VL;1.0;1.0;
;;;;;1097;Cabo de Cobre Isolado 50 MM;1.0;1.0;
;;;;;1098;Cabo de Cobre Isolado 6 MM;1.0;1.0;
;;;;;2805;CABO DE COBRE ISOLADO 6,0MM - 1KV;1.0;1.0;
;;;;;90587;CONECTOR DERIV PERFURAT C/C/EST 15,0KV 50-185MM2/50-185MM2;1.0;1.0;
;;;;;32666;CONEC. PERFURACAO 10-35/1,5-MM;1.0;1.0;
;;;;;604909;CABO DE COBRE NU 70MM2;1.0;1.0;
;;;;;90485;CONECTOR COMPRESSAO H ALUM 120-240MM2/ 16-70MM2;1.0;1.0;
;;;;;90479;CONECTOR COMPRESSAO H ALUM 16-35MM2/ 16-35MM2;1.0;1.0;
;;;;;90480;CONECTOR COMPRESSAO H ALUM 25-70MM2/ 16-35MM2;1.0;1.0;
;;;;;90481;CONECTOR COMPRESSAO H ALUM 50-70MM2/ 50-70MM2;1.0;1.0;
;;;;;90482;CONECTOR COMPRESSAO H ALUM 95-120MM2/ 50-70MM2;1.0;1.0;
;;;;;90483;CONECTOR COMPRESSAO H ALUM 95-120MM2/ 95-120MM2;1.0;1.0;
;;;;;90797;CONECTOR CUNHA C-C ALUM 6,55-10,11MM/05,18-08,38MM VM;1.0;1.0;
;;;;;90787;CONECTOR CUNHA C-C ALUM 05,18-08,38MM/03,17-07,42MM VM;1.0;1.0;
;;;;;90791;CONECTOR CUNHA C-C ALUM 08,23-14,53MM/04,11-11,79MM AZ;1.0;1.0;
;;;;;90790;CONECTOR CUNHA C-C ALUM 09,25-14,53MM/06,55-14,53MM AZ;1.0;1.0;
;;;;;90798;CONECTOR CUNHA C-C ALUM 10,40-14,53MM/10,40-14,53MM AZ;1.0;1.0;
;;;;;90793;CONECTOR CUNHA C-C ALUM 15,24-17,37MM/06,55-14,27MM VM;1.0;1.0;
;;;;;90799;CONECTOR CUNHA C-C ALUM 15,24-17,37MM/10,60-15,24MM AZ;1.0;1.0;
;;;;;90796;CONECTOR CUNHA ALUM CN-02 15,24-17,37/11,68-17,37MM AZL;1.0;1.0;
;;;;;90794;CONECTOR CUNHA C-C ALUM 16,30-18,50MM/15,00-18,50MM AZ;1.0;1.0;
;;;;;90806;CONECTOR CUNHA C-C ALUM 16,90-18,30MM/04,66-06,35MM AZ;1.0;1.0;
;;;;;90800;CONECTOR CUNHA C-C ALUM 16,90-18,30MM/07,42-11,35MM AZ;1.0;1.0;
;;;;;90795;CONECTOR CUNHA C-C ALUM 16,90-18,30MM/11,80-14,31MM AZ;1.0;1.0;
;;;;;90346;CONECTOR CUNHA C-ESTRIBO ALUM 1/0AWG(CA/CAA)/ 2AWG AZ;1.0;1.0;
;;;;;90345;CONECTOR CUNHA C-ESTRIBO ALUM 2AWG(CA/CAA)/ 2AWG VM;1.0;1.0;
;;;;;90348;CONECTOR CUNHA C-ESTRIBO ALUM 336,4MCM(CA/CAA)/ 1/0AWG AM;1.0;1.0;
;;;;;90347;CONECTOR CUNHA C-ESTRIBO ALUM 4/0AWG(CA/CAA)/ 2AWG AZ;1.0;1.0;
;;;;;90356;CONECTOR DER PERF DUPLO TERMOPL 35-120MM2/ 35-120MM2;1.0;1.0;
;;;;;90353;CONECTOR DER PERF SIMPLES TERMOPL 16-120MM2/ 4-35MM2;1.0;1.0;
;;;;;20;CABO ISOL 750V COBRE PVC 25MM2 1F CL2 PT;1.0;1.0;
;;;;;90354;RELI;1.0;1.0;
;;;;;90355;CONECTOR DER PERF SIMPLES TERMOPL 35-120MM2/ 10-35MM2;1.0;1.0;
;;;;;90352;CONECTOR DER PERF SIMPLES TERMOPL 35-95MM2/ 1,5-6MM2;1.0;1.0;
;;;;;37;CORDOALHA ACO SM 6,4MM;1.0;1.0;
;;;;;90256;CORDOALHA ACO CARB CL A 7 FIOS MR 9,5MM 3160DAN;1.0;1.0;
;;;;;90255;CORDOALHA ACO CARB CL A 7 FIOS MR 6,4MM 1430DAN;1.0;1.0;
;;;;;602826;CABO POT 0,6/1KV COBRE CL2 PVC 2,5 MM2 2F;1.0;1.0;
;;;;;38;CORDOALHA ACO SM 9,5MM;1.0;1.0;
;;;;;22817;CRUZETA DISTR CONCR TIPO T 90X90MM 1200MM 250DAN CL2;1.0;1.0;
;;;;;90405;CRUZETA DISTR CONCR TIPO L 90X90MM 1700MM 300DAN CL 2;1.0;1.0;
;;;;;90400;CRUZETA DISTR CONCR TIPO T 90X90MM 1900MM 250DAN CL 2;1.0;1.0;
;;;;;90576;CRUZETA DISTR PEAD TIPO L 90X90MM 1700MM 300DAN CL 2;1.0;1.0;
;;;;;90575;CRUZETA DISTR PEAD TIPO T 90X90MM 1900MM 250DAN CL 2;1.0;1.0;
;;;;;90582;CRUZETA DISTR PRFV TIPO RETANG 90X112,5MM 3000MM 400DAN CL 2;1.0;1.0;
;;;;;37745;DEFENSA ARQUEADA DE CONCRETO ARMADO;1.0;1.0;
;;;;;50610;DISJUNTOR MONOF. 80 A;1.0;1.0;
;;;;;50947;DISJUNTOR MONOFASICO - 50A;1.0;1.0;
;;;;;50957;DISJUNTOR TRIFASICO - 60A;1.0;1.0;
;;;;;35796;ELETRODUTO ROSCAVEL PVC 3/4;1.0;1.0;
;;;;;90497;ELO FUSIVEL DISTRIBUICAO H 0,5A 500MM TP ELO 0,5H;1.0;1.0;
;;;;;90498;ELO FUSIVEL DISTRIBUICAO H 1A 500MM TP ELO 1H;1.0;1.0;
;;;;;90499;ELO FUSIVEL DISTRIBUICAO H 2A 500MM TP ELO 2H;1.0;1.0;
;;;;;90500;ELO FUSIVEL DISTRIBUICAO H 3A 500MM TP ELO 3H;1.0;1.0;
;;;;;90501;ELO FUSIVEL DISTRIBUICAO H 5A 500MM TP ELO 5H;1.0;1.0;
;;;;;90641;ELO FUSIVEL DISTRIBUICAO TIPO K 10A 500MM VERMELHO;1.0;1.0;
;;;;;90642;ELO FUSIVEL DISTRIBUICAO TIPO K 12A 500MM AZUL;1.0;1.0;
;;;;;90643;ELO FUSIVEL DISTRIBUICAO TIPO K 15A 500MM VERDE;1.0;1.0;
;;;;;90645;ELO FUSIVEL DISTRIBUICAO TIPO K 25A 500MM BRANCO;1.0;1.0;
;;;;;90509;ELO FUSIVEL DISTRIBUICAO TIPO K 30A 500MM;1.0;1.0;
;;;;;90510;ELO FUSIVEL DISTRIBUICAO TIPO K 40A 500MM;1.0;1.0;
;;;;;90639;ELO FUSIVEL DISTRIBUICAO TIPO K 6A 500MM AMARELA;1.0;1.0;
;;;;;90640;ELO FUSIVEL DISTRIBUICAO TIPO K 8A 500MM AZUL;1.0;1.0;
;;;;;90567;ESPACADOR LOSANGULAR AUTOTRAVANTE 15 KV 03 COND 340 X 460MM;1.0;1.0;
;;;;;90568;ESPACADOR LOSANGULAR AUTOTRAVANTE 25/35KV 3 COND 550X750MM;1.0;1.0;
;;;;;90803;ESPACADOR VERT PEAD 1,2KV 850,0MM TRAV 5 COND;1.0;1.0;
;;;;;90399;ESTRIBO ACO CARB 14,0X 70,0MM 400DAN BRACO TIPO L;1.0;1.0;
;;;;;1106;Condutores de cobre, por 100Kg.;1.0;1.0;
;;;;;90660;FECHO P/ FITA ACO 19 X0,80 MM;1.0;1.0;
;;;;;90391;FIO ALUMINIO 6 AWG 1F MOLE;1.0;1.0;
;;;;;1105;Condutores de cobre, por metro.;1.0;1.0;
;;;;;90392;FITA AMARRACAO CABOS LISA ALUMINIO 10,0MM 1,00MM;1.0;1.0;
;;;;;91119;FITA DE ACO INOX 19 X 0,80 MM;1.0;1.0;
;;;;;90414;FITA ISOLANTE AUTOFUSAO PT 35KV 19MM 5M 1UN;1.0;1.0;
;;;;;90415;FITA ISOLANTE PT 0,75KV 19MM 10M 1UN;1.0;1.0;
;;;;;90448;GANCHO OLHAL S/TRAVA SAE1045 5000DAN;1.0;1.0;
;;;;;90449;GRAMPO ANCORAGEM DIELETR 14-16,5MM(50MM2) 400DAN 15KV;1.0;1.0;
;;;;;90450;GRAMPO ANCORAGEM DIELETR 18,8-21,3MM(120MM2) 400DAN 15KV;1.0;1.0;
;;;;;90451;GRAMPO ANCORAGEM DIELETR 21,8-24,3MM(185MM2) 400DAN 15KV;1.0;1.0;
;;;;;90475;CONEC CUNHA RML C-C COBRE 2,54-4,93/1,27-4,65MM AM TP V;1.0;1.0;
;;;;;10114;HASTE ANCORA 16 X 1800 MM;1.0;1.0;
;;;;;90514;HASTE ANCORA ESTAI ACO CARB M16 2400MM;1.0;1.0;
;;;;;90462;HASTE ATERRAMENTO CIRC S/ROSCA 14,3X 2400MM;1.0;1.0;
;;;;;90463;HASTE ATERRAMENTO PERF L CHANFR 25X25X5X 2400MM;1.0;1.0;
;;;;;90253;ISOLADOR PILAR PORC VERT S/GRP 300,0MM 15KV 800DAN;1.0;1.0;
;;;;;90275;ISOLADOR PINO POLIMERICO CINZA 280,0MM 15KV;1.0;1.0;
;;;;;90295;ISOLADOR ROLDANA PORCELANA MARROM 80,0X 76,0MM 1350DAN);1.0;1.0;
;;;;;90277;ISOLADOR SUSP BASTAO POLIM GARF-OLH 370,0MM 380MM 15KV;1.0;1.0;
;;;;;90737;LACO PREFORM ROLDANA LIGA 70MM2 500,0MM C/ COXIM;1.0;1.0;
;;;;;90693;LACO PREFORM TOPO PESC 60MM 4AWG(CA/CAA);1.0;1.0;
;;;;;90771;LACO PREF DISTR LIGA-AL LAT DUPL 7,30-8,20MM 430MM VRM COX;1.0;1.0;
;;;;;90772;LACO PREF DISTR LIGA-AL LAT DUPL 9,15-10,25MM 430MM AMR COX;1.0;1.0;
;;;;;90775;LACO PREF DISTR LIGA-AL LAT DUPL 13,10-14,65MM 520MM VRM COX;1.0;1.0;
;;;;;90776;LACO PREF DISTR LIGA-AL LAT DUPL 16,20-18,15MM 550MM VRD COX;1.0;1.0;
;;;;;90756;LACO PREF DISTR ACO-ZN LAT DUPL 5,70-6,45MM 410MM LRJ COX;1.0;1.0;
;;;;;90757;LACO PREF DISTR ACO-ZN LAT DUPL 7,30-8,20MM 430MM VRM COX;1.0;1.0;
;;;;;90758;LACO PREF DISTR ACO-ZN LAT DUPL 9,15-10,25MM 430MM AMR COX;1.0;1.0;
;;;;;90761;LACO PREF DISTR ACO-ZN LAT DUPL 13,10-14,65MM 520MM VRM COX;1.0;1.0;
;;;;;90762;LACO PREF DISTR ACO-ZN LAT DUPL 16,20-18,15MM 550MM VRD COX;1.0;1.0;
;;;;;90695;LACO PREFORM TOPO PESC 60MM 1/0AWG(CA/CAA) 750,0MM C/COXIM;1.0;1.0;
;;;;;90694;LACO PREFORM TOPO PESC 60MM 2AWG(CA/CAA) 700,0MM C/COXIM;1.0;1.0;
;;;;;90698;LACO PREFORM TOPO PESC 60MM 4/0AWG(CA/CAA) 800,0MM C/COXIM;1.0;1.0;
;;;;;90511;LAMINA DESLIGADORA BASE C 15KV 300A;1.0;1.0;
;;;;;90438;LUVA EMENDA COMPR DST ALUM 125MM2-4/0AWG(CAA) 14,3MM 480MM;1.0;1.0;
;;;;;90439;LUVA EMENDA COMPR DST ALUM 198MM2-336,4MCM(CAA) 18,3MM 565MM;1.0;1.0;
;;;;;90434;LUVA EMENDA COMPR DST ALUM 25MM2-4AWG(CAA) 6,3MM 310MM;1.0;1.0;
;;;;;90435;LUVA EMENDA COMPR DST ALUM 39MM2-2AWG(CAA) 8,0MM 370MM;1.0;1.0;
;;;;;90436;LUVA EMENDA COMPR DST ALUM 63MM2-1/0AWG(CAA) 10,1MM 435MM;1.0;1.0;
;;;;;90428;LUVA EMENDA COMPRESS ALUM 21MM2-4AWG(CA) 67,00MM;1.0;1.0;
;;;;;90429;LUVA EMENDA COMPRESS ALUM 34MM2-2AWG(CA) 99,00MM;1.0;1.0;
;;;;;90430;LUVA EMENDA COMPRESS ALUM 54MM2-1/0AWG(CA) 184,00MM;1.0;1.0;
;;;;;90440;MANILHA SAPATILHA SAE1020 16,0MM 5000DAN;1.0;1.0;
;;;;;90496;CRUZETA DISTR PRFV TIPO T 90X90MM 1900MM 250DAN CL 2;1.0;1.0;
;;;;;90404;CRUZETA DISTR PRFV RETANG 90X112,5MM 2400MM 400DAN;1.0;1.0;
;;;;;90442;MAO FRANCESA PERFIL/BECO SAE 1020 48X 5X 1971MM;1.0;1.0;
;;;;;90837;MASSA CALAFETAR CINZA 500G;1.0;1.0;
;;;;;42821;MEDIDOR C/M 30/200A 0,5% 240V;1.0;1.0;
;;;;;42825;MEDIDOR MONOF.EN.AT.240V.15A.2FIOS.S/M;1.0;1.0;
;;;;;42826;MEDIDOR TRIF.EN.ATIV/REAT 240V;1.0;1.0;
;;;;;90619;PARA-RAIOS DISTR BT POLIM 220V 10KA OX MT S/CENT RSC;1.0;1.0;
;;;;;90208;PARA RAIO BAIXA TENSAO POLIMERICO 220V;1.0;1.0;
;;;;;90210;PARA RAIO DISTR POLIM 13,8KV OX ZN 10KA S/CENTELHADOR;1.0;1.0;
;;;;;90372;PARAFUSO ABAU SAE1020 RP MG M16X 45MM;1.0;1.0;
;;;;;90373;PARAFUSO ABAU SAE1020 RP MG M16X 70MM;1.0;1.0;
;;;;;90375;PARAFUSO ROSC TOT SAE1010 RT MG M16X 200MM;1.0;1.0;
;;;;;90376;PARAFUSO ROSC TOT SAE1010 RT MG M16X 250MM;1.0;1.0;
;;;;;90377;PARAFUSO ROSC TOT SAE1010 RT MG M16X 300MM;1.0;1.0;
;;;;;90378;PARAFUSO ROSC TOT SAE1010 RT MG M16X 350MM;1.0;1.0;
;;;;;90379;PARAFUSO ROSC TOT SAE1010 RT MG M16X 400MM;1.0;1.0;
;;;;;90380;PARAFUSO ROSC TOT SAE1010 RT MG M16X 450MM;1.0;1.0;
;;;;;90382;PARAFUSO ROSC TOT SAE1010 RT MG M16X 500MM;1.0;1.0;
;;;;;90383;PARAFUSO ROSC TOT SAE1010 RT MG M16X 550MM;1.0;1.0;
;;;;;90384;PARAFUSO ROSC TOT SAE1010 RT MG M16X 600MM;1.0;1.0;
;;;;;90385;PARAFUSO ROSC TOT SAE1010 RT MG M16X 650MM;1.0;1.0;
;;;;;90280;PINO CURTO P/ISOLADOR 16,0MM 25,0MM 155X 45X 200MM 15KV;1.0;1.0;
;;;;;90251;PINO ISOLADOR ACO CARBONO 16,0MM AUTO-TRAVANTE M20 169MM;1.0;1.0;
;;;;;90252;PINO ISOLADOR ACO CARBONO 16,0MM AUTO-TRAVANTE M20 85MM;1.0;1.0;
;;;;;90249;PINO ISOLADOR SAE1020 16,0MM 25,0MM 150X 140X 294MM;1.0;1.0;
;;;;;90247;PINO TOPO SAE1020 D 25,0MM 40X 389MM 15KV;1.0;1.0;
;;;;;640861;RADIO QR4 10W HDPLX 400-450MHZ - REMOTO;1.0;1.0;
;;;;;91072;COBERTURA SINALIZACAO ESTAI DISTR 2400MM 0-32MM LRJ/AMR;1.0;1.0;
;;;;;22125;PLACA CONCRETO QUADRADA P/ESTA;1.0;1.0;
;;;;;90387;PORCA OLHAL STD SAE1045 GALV MG M16 78,0MM;1.0;1.0;
;;;;;90388;PORCA QUADR PESADA ACO CARB GALV DIN557 MG M16;1.0;1.0;
;;;;;22758;POSTE CONCRETO DT 9M 150DAN;1.0;1.0;
;;;;;692898;POSTE DISTR CONCR DT 14M 600DAN 390X532MM 110X140MM CL2;1.0;1.0;
;;;;;645570;POSTE CONCRETO DT 12/2000;1.0;1.0;
;;;;;645572;POSTE CONCRETO DT 13/2000;1.0;1.0;
;;;;;645573;POSTE CONCRETO DT 15/2000;1.0;1.0;
;;;;;692926;POSTE DISTR CONCR DT 16M 1500DAN CL2;1.0;1.0;
;;;;;690841;POSTE DISTR CONCR DT 15M 600DAN 490X672MM 170X224MM CL2;1.0;1.0;
;;;;;690842;POSTE DISTR CONCR DT 15M 1000DAN 440X602MM 140X182MM CL2;1.0;1.0;
;;;;;695544;POSTE DISTR CONCR DT 16M 600DAN CL2;1.0;1.0;
;;;;;91046;POSTE CONCR DUPL T 11M 1500DAN 390X532MM 170X224MM CL IV;1.0;1.0;
;;;;;91047;POSTE CONCR DUPL T 12M 1500DAN 410X560MM 170X224MM CL IV;1.0;1.0;
;;;;;91043;POSTE CONCR DUPL T 13M 1500DAN 430X588MM 170X224MM CL IV;1.0;1.0;
;;;;;692904;POSTE DISTR CONCR DT 15M 1500DAN 490X672MM 170X224MM CL4;1.0;1.0;
;;;;;690844;POSTE DISTR CONCR DT 15M 600DAN 490X672MM 170X224MM CL4;1.0;1.0;
;;;;;601772;POSTE DUP T CONCRETO 18M 600DAN 470X644MM 110X140MM;1.0;1.0;
;;;;;90193;POSTE CONCR DUPL T 10M 150DAN 200X280MM 100X120MM CL II;1.0;1.0;
;;;;;90194;POSTE CONCR DUPL T 10M 300DAN 310X420MM 110X140MM CL II;1.0;1.0;
;;;;;90195;POSTE CONCR DUPL T 10M 600DAN 310X420MM 110X140MM CL II;1.0;1.0;
;;;;;90196;POSTE CONCR DUPL T 11M 1000DAN 360X490MM 140X182MM CL II;1.0;1.0;
;;;;;90197;POSTE CONCR DUPL T 11M 1500DAN 390X532MM 170X224MM CL II;1.0;1.0;
;;;;;90198;POSTE CONCR DUPL T 11M 300DAN 330X448MM 110X140MM CL II;1.0;1.0;
;;;;;90199;POSTE CONCR DUPL T 11M 600DAN 330X448MM 110X140MM CL II;1.0;1.0;
;;;;;90200;POSTE CONCR DUPL T 12M 1000DAN 380X518MM 140X182MM CL II;1.0;1.0;
;;;;;90201;POSTE CONCR DUPL T 12M 1500DAN 410X560MM 170X224MM CL II;1.0;1.0;
;;;;;90202;POSTE CONCR DUPL T 12M 300DAN 350X476MM 110X140MM CL II;1.0;1.0;
;;;;;90203;POSTE CONCR DUPL T 12M 600DAN 350X476MM 110X140MM CL II;1.0;1.0;
;;;;;90204;POSTE CONCR DUPL T 13M 1000DAN 410X560MM 140X182MM CL II;1.0;1.0;
;;;;;90205;POSTE CONCR DUPL T 13M 1500DAN 430X588MM 170X224MM CL II;1.0;1.0;
;;;;;90206;POSTE CONCR DUPL T 13M 600DAN 370X504MM 110X140MM CL II;1.0;1.0;
;;;;;91024;POSTE DIST PRFV BS/CIRC TP/QUAD 2P 12M 600DAN 391MM 188MM;1.0;1.0;
;;;;;91023;POSTE DIST PRFV BS/CIRC TP/QUAD 2P 12M 300DAN 386MM 181MM;1.0;1.0;
;;;;;91022;POSTE DIST PRFV BS/CIRC TP/QUAD 2P 11M 300DAN 373MM 168MM;1.0;1.0;
;;;;;91021;POSTE DIST PRFV BS/CIRC TP/QUAD 2P 11M 600DAN 383MM 178MM;1.0;1.0;
;;;;;91020;POSTE DIST PRFV BS/CIRC TP/QUAD 2P 11M 1000DAN 393MM 188MM;1.0;1.0;
;;;;;91019;POSTE DIST PRFV BS/CIRC TP/QUAD 2P 12M 1000DAN 400MM 195MM;1.0;1.0;
;;;;;91018;POSTE DIST PRFV BS/CIRC TP/QUAD 2P 13M 300DAN 391MM 188MM;1.0;1.0;
;;;;;91017;POSTE DIST PRFV BS/CIRC TP/QUAD 2P 13M 600DAN 400MM 195MM;1.0;1.0;
;;;;;91016;POSTE DIST PRFV BS/CIRC TP/QUAD 2P 13M 1000DAN 420MM 200MM;1.0;1.0;
;;;;;90409;SAPATILHA STD SAE 1020 3/8;1.0;1.0;
;;;;;132213;SECCIONADOR ACO-CARBONO;1.0;1.0;
;;;;;90584;SECCIONADOR PREFORM ACO CARB 6MM 3,26-4,11MM 650MM 450DAN;1.0;1.0;
;;;;;90522;SUPORTE P/CRUZETA TIPO L 205X85X38X 8MM;1.0;1.0;
;;;;;90524;SUPORTE P/ISOLADOR PILAR 15KV 305X90X35MM;1.0;1.0;
;;;;;90521;SUPORTE P/POSTE TIPO L 295X195X50MM;1.0;1.0;
;;;;;10085;SUPORTE TRANSF POSTE DT;1.0;1.0;
;;;;;90801;SUPORTEP/CHAVE FACA INCLINADO 30° 15KV 200 X 217 X 220;1.0;1.0;
;;;;;90474;CONEC CUNHA RML C-C COBRE 2,54-6,55/1,27-4,65MM AZ TP IV;1.0;1.0;
;;;;;690312;REGUL TENS AUTOM SIMET 13,8KV 276KVA 200A 1F DELT CL 2;1.0;1.0;
;;;;;616033;RELE SINCRONISMO CONTR TENSAO ELETRON 108-128V;1.0;1.0;
;;;;;90826;TERMINAL COMPRESSAO ANEL 23,0X 85,00 MM 1 FURO 9,47 MM 50 MM;1.0;1.0;
;;;;;90491;TERMINAL COMPRESSAO ANEL 24,0X 70,00MM 1 FURO 6,40MM;1.0;1.0;
;;;;;90333;TERMINAL COMPRESSAO ANEL 32,0X 145,0MM 2 FUROS 25,00MM2;1.0;1.0;
;;;;;90334;TERMINAL COMPRESSAO ANEL 32,0X 145,0MM 2 FUROS 35,00MM2;1.0;1.0;
;;;;;90335;TERMINAL COMPRESSAO ANEL 32,0X 160,0MM 2 FUROS 50,00MM2;1.0;1.0;
;;;;;90336;TERMINAL COMPRESSAO ANEL 32,0X 160,0MM 2 FUROS 70,00MM2;1.0;1.0;
;;;;;90337;TERMINAL COMPRESSAO ANEL 32,0X 175,0MM 2 FUROS 120,00MM2;1.0;1.0;
;;;;;90338;TERMINAL COMPRESSAO ANEL 38,0X 180,0MM 2 FUROS 185,00MM2;1.0;1.0;
;;;;;90492;TERMINAL COMPRESSAO PINO TUB 25,00MM 10,00MM2;1.0;1.0;
;;;;;90340;TERMINAL PRESS ESTRANG ALUM 1F 11MM 35MM2-2AWG(CA/CAA);1.0;1.0;
;;;;;90342;TERMINAL PRESS ESTRANG ALUM 2F 15MM 120MM2-4/0 AWG(CA);1.0;1.0;
;;;;;90344;TERMINAL PRESS ESTRANG ALUM 2F 15MM 185MM2-336,4MCM(CA/CAA);1.0;1.0;
;;;;;90343;TERMINAL PRESS ESTRANG ALUM 2F 15MM 4/0AWG(CAA);1.0;1.0;
;;;;;90341;TERMINAL PRESS ESTRANG ALUM 2F 15MM 70MM2-1/0AWG(CA/CAA);1.0;1.0;
;;;;;90830;TERMINAL PRESSAO ESTRANGULAMENTO ALUMINIO 1 FURO 11 MM 25 MM;1.0;1.0;
;;;;;90056;TRANSF DISTR AEREO OLEO 13,8KV 380/220V 112,5KVA 3F CV;1.0;1.0;
;;;;;90057;TRANSF DISTR AEREO OLEO 13,8KV 380/220V 150KVA 3F CV;1.0;1.0;
;;;;;90058;TRANSF DISTR AEREO OLEO 13,8KV 380/220V 15KVA 3F CV;1.0;1.0;
;;;;;90059;TRANSF DISTR AEREO OLEO 13,8KV 380/220V 225KVA 3F CV;1.0;1.0;
;;;;;90060;TRANSF DISTR AEREO OLEO 13,8KV 380/220V 300KVA 3F CV;1.0;1.0;
;;;;;90061;TRANSF DISTR AEREO OLEO 13,8KV 380/220V 30KVA 3F CV;1.0;1.0;
;;;;;90062;TRANSF DISTR AEREO OLEO 13,8KV 380/220V 45KVA 3F CV;1.0;1.0;
;;;;;90063;TRANSF DISTR AEREO OLEO 13,8KV 380/220V 75KVA 3F CV;1.0;1.0;
;;;;;90607;TRANSF DISTR AER OMI 1F 7,969KV 230V 25KVA CL2 5TP;1.0;1.0;
;;;;;90606;TRANSF DISTR AEREO OLEO 7,967KV 230V 15KVA 1F F/N CV;1.0;1.0;
;;;;;90727;ALCA PREF SERV CONC LIGA-ALUM 9,80-10,50MM 355MM AMR;1.0;1.0;
;;;;;90726;ALCA PREF SERV CONC LIGA-ALUM 8,70-9,70MM 325MM VRD;1.0;1.0;
;;;;;90565;ALCA PREF LIGA-ALUMINIO 35 MM2 COM NEUTRO ISOLADO;1.0;1.0;
;;;;;90566;ALCA PREF LIGA-ALUMINIO 70 MM2 COM NEUTRO ISOLADO;1.0;1.0;
;;;;;90703;CABO ALUM NU CAL 1/0AWG 1F;1.0;1.0;
;;;;;90702;CABO ALUM NU CAL 2AWG 1F;1.0;1.0;
;;;;;90705;CABO ALUM NU CAL 336,4MCM 1F;1.0;1.0;
;;;;;90704;CABO ALUM NU CAL 4/0AWG 1F;1.0;1.0;
;;;;;37928;LACRE SEG. POLICARBONATO AZUL;1.0;1.0;
;;;;;90777;Cabo multiplex 0,6/1kV XLPE 1x1x16mm2+16mm2 neutro isolado;1.0;1.0;
;;;;;90778;Cabo multiplex 0,6/1kV XLPE 2x1x16mm2+16mm2 neutro isolado;1.0;1.0;
;;;;;90780;Cabo multiplex 0,6/1kV XLPE 2x1x25mm2+25mm2 neutro isolado;1.0;1.0;
;;;;;90782;Cabo multiplex 0,6/1kV XLPE 2x1x35mm2+35mm2 neutro isolado;1.0;1.0;
;;;;;90779;Cabo multiplex 0,6/1kV XLPE 3x1x16mm2+16mm2 neutro isolado;1.0;1.0;
;;;;;90781;Cabo multiplex 0,6/1kV XLPE 3x1x25mm2+25mm2 neutro isolado;1.0;1.0;
;;;;;90562;Cabo multiplex 0,6/1kV XLPE 3x1x70mm2+70mm2 neutro isolado;1.0;1.0;
;;;;;90563;Cabo multiplex 0,6/1kV XLPE 3x1x35mm2+35mm2 neutro isolado;1.0;1.0;
;;;;;90564;Cabo multiplex 0,6/1kV XLPE 3x1x120mm2+70mm2 neutro isolado;1.0;1.0;
;;;;;91073;Cruzeta concreto tipo L 90x90x1.700mm 300daN CL4;1.0;1.0;
;;;;;91074;Cruzeta concreto tipo T 90x90x1.900mm 250daN CL4;1.0;1.0;
;;;;;692914;POSTE DISTR CONCR DT 16M 1500DAN 490X672MM 170X224MM CL4;1.0;1.0;
;;;;;629196;POSTE DUP T CONCRETO 14M 600DAN 390X532MM 110X140MM;1.0;1.0;
;;;;;690288;POSTE DISTR CONCR DT 14M 1000DAN 420X574MM 140X182MM CL2;1.0;1.0;
;;;;;670162;POSTE DUP T CONCRETO 14M 1500DAN 450X616MM 170X224MM;1.0;1.0;
;;;;;690841;POSTE DISTR CONCR DT 15M 600DAN 410X560MM 110X140MM CL2;1.0;1.0;
;;;;;690844;POSTE DISTR CONCR DT 15M 600DAN 410X560MM 110X140MM CL4;1.0;1.0;
;;;;;90664;Poste concreto duplo T 9m 600daN 310x420mm 110x140mm CL4;1.0;1.0;
;;;;;91045;POSTE CONCR DUPL T 10M 600DAN 310X420MM 110X140MM CL IV;1.0;1.0;
;;;;;91044;POSTE CONCR DUPL T 10M 300DAN 310X420MM 110X140MM CL IV;1.0;1.0;
;;;;;90665;Poste concreto duplo T 11m 300daN 330x448mm 110x140mm CL4;1.0;1.0;
;;;;;90667;Poste concreto duplo T 11m 600daN 330x448mm 110x140mm CL4;1.0;1.0;
;;;;;90668;Poste concreto duplo T 11m 1.000daN 360x490mm 140x182mm CL4;1.0;1.0;
;;;;;90669;Poste concreto duplo T 12m 300daN 350x476mm 110x140mm CL4;1.0;1.0;
;;;;;90670;Poste concreto duplo T 12m 600daN 350x476mm 110x140mm CL4;1.0;1.0;
;;;;;90671;Poste concreto duplo T 12m 1.000daN 380x518mm 140x182mm CL4;1.0;1.0;
;;;;;90672;Poste concreto duplo T 13m 600daN 370x504mm 110x140mm CL4;1.0;1.0;
;;;;;90673;Poste concreto duplo T 13m 1.000daN 410x560mm 150x196mm CL4;1.0;1.0;
;;;;;90813;Transformador distribuição aéreo OMI trifásico 13,8kV 380/220V 112,5kVA CL4;1.0;1.0;
;;;;;91025;Transformador distribuição aéreo OMI trifásico 13,8kV 380/220V 15,0 kVA CL4;1.0;1.0;
;;;;;90814;Transformador distribuição aéreo OMI trifásico 13,8kV 380/220V 150kVA CL4;1.0;1.0;
;;;;;90815;Transformador distribuição aéreo OMI trifásico 13,8kV 380/220V 225kVA CL4;1.0;1.0;
;;;;;90816;Transformador distribuição aéreo OMI trifásico 13,8kV 380/220V 300kVA CL4;1.0;1.0;
;;;;;90810;Transformador distribuição aéreo OMI trifásico 13,8kV 380/220V 30kVA CL4;1.0;1.0;
;;;;;90811;Transformador distribuição aéreo OMI trifásico 13,8kV 380/220V 45kVA CL4;1.0;1.0;
;;;;;90812;Transformador distribuição aéreo OMI trifásico 13,8kV 380/220V 75kVA CL4;1.0;1.0;
;;;;;92348;CURVA ELETRODUTO RIGIDO PVC INFRA DN20 3/4POL 90GR;1.0;1.0;
;;;;;10247;CURVA DE PVC 3/4 - 90;1.0;1.0;
;;;;;10246;CURVA DE PVC 1 - 90;1.0;1.0;
;;;;;10252;LUVA DE PVC PRETA DE 1;1.0;1.0;
;;;;;617640;TRANSF POT IND 15KV 13,8KV/230V 1KVA EXT;1.0;1.0;
;;;;;623760;ARRUELA QUADRADA REGULAR SAE1020 GALV DIN125 B 18,0MM;1.0;1.0;
;;;;;615465;CABO COAXIAL KPM RG 58;1.0;1.0;
;;;;;605358;CABO COAXIAL RGC 213 6 DB;1.0;1.0;
;;;;;603665;CB.P/REDE FASTHERNET CATEG.5E;1.0;1.0;
;;;;;690669;REGUL TENS AUTOM SIMET 7,967KV 167KVA 319A 1F ESTR CL2;1.0;1.0;
;;;;;630237;CENTELHADOR COAXIAL FEMEA-FEMEA;1.0;1.0;
;;;;;626630;CONECTOR DB25 SOLDA FEMEA 1PC;1.0;1.0;
;;;;;626523;CONECTOR DB25 SOLDA MACHO 1PC;1.0;1.0;
;;;;;600393;CONECTOR DB9 FEMEA C/ PINOS;1.0;1.0;
;;;;;600395;CONECTOR DB9 MACHO COM PINOS;1.0;1.0;
;;;;;628330;CONECTOR N MACHO RETO CABO RG213 50/75OHMS 1PC;1.0;1.0;
;;;;;605097;CONECTOR N-MACHO RGC058;1.0;1.0;
;;;;;617828;CONECTOR TNC MACHO RG 058;1.0;1.0;
;;;;;642480;CONTROLE DE RELIGADOR - REDE DE DISTRIBUICAO VCA;1.0;1.0;
;;;;;617852;KIT ATERRAMENTO P/ CABO RGC213;1.0;1.0;
;;;;;624851;PARAFUSO QUAD SAE1020 RP MG M16X 400MM;1.0;1.0;
;;;;;690933;RELIGADOR MONO;1.0;1.0;
;;;;;690001;RELIGADOR AUTO EXT 3F LIN VAC 15KV 630A 12,5KA 127VCA;1.0;1.0;
;;;;;621432;SUPORTE ANTENA YAGI PARA POSTE;1.0;1.0;
;;;;;690403;SUPORTE P/ TRANSFORMADOR POTENCIA DE RELIGADOR DE LINHA;1.0;1.0;
;;;;;642626;ANTENA YAGI 14dBI UHF;1.0;1.0;
;;;;;617996;RADIO GE MDS SD4-ES;1.0;1.0;
;;;;;626993;CONECTOR RJ45 MACHO CAT SE TRANSP 1PC;1.0;1.0;
;;;;;90966;Isolador pilar híbrido 530mm 15/24,2 kV 1.250daN;1.0;1.0;
;;;;;1001;Aprumo de Poste;1.0;1.0;
;;;;;1002;Bandolamento de poste ou transformador.;1.0;1.0;
;;;;;1003;CAVA C/ EXPLOSIVO;1.0;1.0;
;;;;;1004;Cava para poste em rocha com explosivo.;1.0;1.0;
;;;;;1005;Cava para poste em rocha sem explosivo;1.0;1.0;
;;;;;1006;Cava para poste ou estai.;1.0;1.0;
;;;;;1007;Concretagem do Padrão de Entrada de 5m E 7m;1.0;1.0;
;;;;;1009;Concretar base simples;1.0;1.0;
;;;;;1010;Defensa em concreto armado 1,60x1,20m (Proteção p/ poste). Composição;1.0;1.0;
;;;;;1011;Defensa em concreto armado 1,60x0,80m (Proteção p/ poste). Composição;1.0;1.0;
;;;;;1012;Desequipar só com BT E IP.;1.0;1.0;
;;;;;1013;Defensa Tubular (Proteção p/ poste). Composição: Abertura de cava e;1.0;1.0;
;;;;;1014;Reparo em poste de Concreto (Incluso material);1.0;1.0;
;;;;;1015;Poste Limpo (sem mat. ou equip.) 12 >=P<= 600;1.0;1.0;
;;;;;1016;Poste Limpo (sem mat. ou equip.) 12 >=P> 600;1.0;1.0;
;;;;;1017;Poste Limpo (sem mat. ou equip.) 12=600;1.0;1.0;
;;;;;1018;"Poste Limpo (sem mat. ou equip.) 16

600";1.0;1.0;
;;;;;1019;Poste só com BT Monofásica e IP.;1.0;1.0;
;;;;;1020;Poste só Com BT Trifásica e IP.;1.0;1.0;
;;;;;1021;Remoção de poste até dois metros de raio.;1.0;1.0;
;;;;;1022;Compacta CE1;1.0;1.0;
;;;;;1023;Compacta CE1A;1.0;1.0;
;;;;;1024;Compacta CE2;1.0;1.0;
;;;;;1025;Compacta CE2-3;1.0;1.0;
;;;;;1026;Compacta CE3;1.0;1.0;
;;;;;1027;Compacta CE4;1.0;1.0;
;;;;;1028;Tipo HS.;1.0;1.0;
;;;;;1029;Estrutura Tipo HT;1.0;1.0;
;;;;;1030;Tipo N1/M1/B1.;1.0;1.0;
;;;;;1031;Tipo N2/N3/M2/M3/B2/B3.;1.0;1.0;
;;;;;1032;Tipo N4/M4/B4/TE.;1.0;1.0;
;;;;;1035;Compacta CEJ1;1.0;1.0;
;;;;;1036;Compacta CEJ2;1.0;1.0;
;;;;;1044;Estrutura BT p/ Ramal - RA1;1.0;1.0;
;;;;;1045;Estrutura BT p/ Ramal - RA2;1.0;1.0;
;;;;;1046;Estrutura Secundária 10 e 30;1.0;1.0;
;;;;;1047;Estrutura secundaria S1;1.0;1.0;
;;;;;1064;Tipo N32/M32/B32;1.0;1.0;
;;;;;1065;Tipo U1.;1.0;1.0;
;;;;;1066;Tipo U2.;1.0;1.0;
;;;;;1067;Tipo U3.;1.0;1.0;
;;;;;1068;Tipo U4.;1.0;1.0;
;;;;;1069;TRAFO trifasico com chaves e pára-raios.;1.0;1.0;
;;;;;1070;TRAFO trifasico com pára-raios e sem chave.;1.0;1.0;
;;;;;1071;TRAFO Monofasico;1.0;1.0;
;;;;;1072;Trafo Monofásico com chaves e pára-raios;1.0;1.0;
;;;;;1073;TRAFO Monofásico com pára-raios e sem chaves.;1.0;1.0;
;;;;;2406;TRAFO bifasico;1.0;1.0;
;;;;;1074;TRAFO Trifasico;1.0;1.0;
;;;;;1075;Capacitor, por peça.;1.0;1.0;
;;;;;1076;Chave a óleo.;1.0;1.0;
;;;;;1077;Chave Óleo;1.0;1.0;
;;;;;1078;Chave Remota.;1.0;1.0;
;;;;;1079;Chave Seccionalizadora.;1.0;1.0;
;;;;;1080;Chave-faca (peça).;1.0;1.0;
;;;;;1081;Chave-faca basculante tripolar.;1.0;1.0;
;;;;;1082;Chave-fusível (peça).;1.0;1.0;
;;;;;1083;Elo Fusível (peça).;1.0;1.0;
;;;;;1084;Pára-raios (peça).;1.0;1.0;
;;;;;1085;Regulador de tensão ou Booster;1.0;1.0;
;;;;;1086;Religador;1.0;1.0;
;;;;;1087;Regulador de Tensão sem Equipamentos;1.0;1.0;
;;;;;1088;Unidade Reguladora p/ fechar Delta ou Banco Regulador Delta Aberto;1.0;1.0;
;;;;;72070;CONFIGURAÇÃO DE ORDEM DE AJUSTE DE PROTEÇÃO;1.0;1.0;
;;;;;72140;PARAMETRIZAÇÃO DE CONCENTRADOR DE DADOS / UNIDADE TERMINAL REMOTA;1.0;1.0;
;;;;;72167;RÁDIO UHF EM RELIGADOR;1.0;1.0;
;;;;;72009;ANTENA YAGI UHF / VHF EM POSTE;1.0;1.0;
;;;;;72073;CONFIGURAÇÃO DE RÁDIO UHF;1.0;1.0;
;;;;;72157;PARAMETRIZAÇÃO DE RELÉ DE RELIGADOR;1.0;1.0;
;;;;;72060;COMISSIONAMENTO DE RELÉ DE RELIGADOR;1.0;1.0;
;;;;;72124;OPERAÇÃO DE CHAVES E MANOBRAS;1.0;1.0;
;;;;;1089;Amarração de condutor no isolador.;1.0;1.0;
;;;;;90473;CONEC CUNHA RML C-C COBRE 2,54-6,55/1,27-4,65MM VM TP III;1.0;1.0;
;;;;;90472;CONEC CUNHA RML COBR TP II 3,17-8,12/3,17-5,21MM VD;1.0;1.0;
;;;;;90471;CONEC CUNHA RML C-C COBRE 3,17-8,12/3,17-7,42MM CZ TP I;1.0;1.0;
;;;;;90467;CONEC CUNHA RML C-C COBRE 5,60-8,33/1,36-1,73MM VL/AZ TP G;1.0;1.0;
;;;;;90465;CONEC CUNHA RML C-C COBRE 8,20-11,8/2,25-5,10MM MR TP C;1.0;1.0;
;;;;;90469;CONEC CUNHA RML C-C COBRE 9,34-11,1/1,74-5,10MM MR/AZ TP J;1.0;1.0;
;;;;;90490;CONECTOR ATERR CUNHA CAB-HASTE COBRE 6,40MM/ 5/8;1.0;1.0;
;;;;;90489;CONECTOR ATERR TRANSV COBRE CB/HST 25-35MM2 14,3MM;1.0;1.0;
;;;;;1101;Condutor Mega Jumper - por aplicação;1.0;1.0;
;;;;;1102;Condutor multiplex, por metro.;1.0;1.0;
;;;;;1103;Condutores de alumínio, por 100Kg.;1.0;1.0;
;;;;;1104;Condutores de Aluminio, Protegido, por metro;1.0;1.0;
;;;;;90928;Conector cunha cobre cabo/cabo 120mm²/120mm² - azul;1.0;1.0;
;;;;;90927;Conector cunha cobre cabo/cabo 120mm²/95mm² - azul;1.0;1.0;
;;;;;1107;Cordoalha de Aço Zincado por 100kg.;1.0;1.0;
;;;;;1108;Emenda do condutor partido, por unidade.;1.0;1.0;
;;;;;1109;Mufla para Cabo Isolado 50mm isolação 15 KVA para MT;1.0;1.0;
;;;;;1111;Rede de MT Subterranea em metro;1.0;1.0;
;;;;;1112;Retensionamento e Nivelamento Cabo Al., por 100Kg.;1.0;1.0;
;;;;;1113;Retensionamento e Nivelamento Cabo Multiplex ,por metro;1.0;1.0;
;;;;;1114;Retensionamento e nivelamento, por metro.;1.0;1.0;
;;;;;1115;Isolador de pino ou disco completo, peça.;1.0;1.0;
;;;;;1116;Conexão em caixa de ramal;1.0;1.0;
;;;;;1117;Conexão Tipo ampactinho, por peça.;1.0;1.0;
;;;;;1118;Conexão Tipo com Cunha, por peça.;1.0;1.0;
;;;;;1119;Conexão Tipo compressão, por peça.;1.0;1.0;
;;;;;1120;Conexão Tipo de aperto, por peça.;1.0;1.0;
;;;;;1121;Flying-tap com seccionamento.;1.0;1.0;
;;;;;1122;Flying-tap primário ou secundário.;1.0;1.0;
;;;;;1123;Refazer jampe de alta tensão.;1.0;1.0;
;;;;;1124;Aterramento;1.0;1.0;
;;;;;1125;Aterramento completo com três hastes.;1.0;1.0;
;;;;;1126;Aterramento completo com uma haste;1.0;1.0;
;;;;;1129;Aterramento e seccionamento de cerca.;1.0;1.0;
;;;;;1131;Contra poste;1.0;1.0;
;;;;;1132;Estai de âncora.;1.0;1.0;
;;;;;1133;Estai poste a poste, cruzeta a cruzeta, cruzeta a poste.;1.0;1.0;
;;;;;1134;Haste adicional para aterramento.;1.0;1.0;
;;;;;1135;Retensionamento de estai ou remoção.;1.0;1.0;
;;;;;1136;Seccionador de Cerca;1.0;1.0;
;;;;;1138;Luminaria Pública com Braço.;1.0;1.0;
;;;;;1140;Chave magnética / Relé fotoelétrico, peça.;1.0;1.0;
;;;;;1141;"Eletroduto de Ferro Galvanizado 3m 1.1/4"" A 3"" - Lançamento em Cava";1.0;1.0;
;;;;;1143;Lâmpada (simples) - conj. de 10 peças.;1.0;1.0;
;;;;;1144;Lâmpada em luminária pétala, poste de 16 metros;1.0;1.0;
;;;;;1147;Luminaria Normal;1.0;1.0;
;;;;;1148;Luminaria Petala;1.0;1.0;
;;;;;1149;Mangueira Luminosa 13mm;1.0;1.0;
;;;;;1151;Montagem de Caixa de CP.Rede;1.0;1.0;
;;;;;1152;Montagem de Comando p/ Iluminação;1.0;1.0;
;;;;;1153;Poste Ornamental de 1m de fixação em Concreto;1.0;1.0;
;;;;;1154;Reator em luminária pétala, poste de 16 metros;1.0;1.0;
;;;;;1155;Reator.;1.0;1.0;
;;;;;1228;Comando p/ Iluminação;1.0;1.0;
;;;;;1157;Caixa p/ Ramal;1.0;1.0;
;;;;;1158;Corte de Ramal;1.0;1.0;
;;;;;1159;Corte de Ramal com Medidor;1.0;1.0;
;;;;;1160;Desvio de Energia com Ramal;1.0;1.0;
;;;;;1161;Instalação de Ramal Anti-Furto;1.0;1.0;
;;;;;1163;Ramal de serviço aéreo - BT.;1.0;1.0;
;;;;;1165;Ramal de Serviço Monofasico;1.0;1.0;
;;;;;1166;Ramal de serviço Multiplex.;1.0;1.0;
;;;;;1168;Ramal de serviço subterrâneo - BT.;1.0;1.0;
;;;;;1170;Reinstalação de CP.Rede (Fixação e Aterramento) - DCMD;1.0;1.0;
;;;;;1171;ReInstalação de Ramal de Serviço Multiplex ou Antifurto - DCMD;1.0;1.0;
;;;;;1172;Afastador de rede BT;1.0;1.0;
;;;;;1173;Armação Primária p/ Neutro Contínuo;1.0;1.0;
;;;;;1174;Armação Secundária de 1 Estribo;1.0;1.0;
;;;;;1175;Armação Secundária de 2 Estribo;1.0;1.0;
;;;;;1177;Caixa Anti-Furto;1.0;1.0;
;;;;;1179;Conjunto de Medição em Media Tensão;1.0;1.0;
;;;;;1182;Padrão Rural completo RES.488 (padrão pre montado 5m, cx Medição,;1.0;1.0;
;;;;;1183;Padrão Rural completo RES.488 (padrão pre montado 7m, cx Medição,;1.0;1.0;
;;;;;1184;Padrão Rural completo RES.488 (Pontalete, cx Medição, aterramento, co;1.0;1.0;
;;;;;1186;Espaçador em rede protegida - Losangular;1.0;1.0;
;;;;;1187;Espaçador em rede secundária.;1.0;1.0;
;;;;;1188;Espaçadores em Rede Secundária por Vão;1.0;1.0;
;;;;;1189;Estrutura Secundaria Isolada BI 1 e BI 2;1.0;1.0;
;;;;;1190;Estrutura Secundária Isolada BI 3, BI 4, BI 5 e BI 6;1.0;1.0;
;;;;;1191;Estrutura Secundária Isolada BI 7 e BI 8;1.0;1.0;
;;;;;1192;Estrutura Secundária Isolada BI 9;1.0;1.0;
;;;;;1193;Fundação Especial c/1 Tubo 1x0.6;1.0;1.0;
;;;;;1194;Fundação Especial c/2 Tubos 1x0.6;1.0;1.0;
;;;;;1195;Fundação especial com 1 tubo 1x1 m.;1.0;1.0;
;;;;;1196;Fundação especial com 2 tubos 1x1 m.;1.0;1.0;
;;;;;1197;Instalação de Medidor;1.0;1.0;
;;;;;1207;Limpeza de faixa e aceiro dos postes em 1Km de faixa de LDR - vegetaç;1.0;1.0;
;;;;;1208;Poda de Arvore em RDU - por unidade.;1.0;1.0;
;;;;;1212;Acabamento de Blindagem no Poste;1.0;1.0;
;;;;;1213;Aluguel de Linha Viva CIA por Hora;1.0;1.0;
;;;;;1214;Aluguel de Linha Viva Terceiros por Hora;1.0;1.0;
;;;;;1215;Aluguel de Linha Viva Terceiros por Hora - Contrato DCMD;1.0;1.0;
;;;;;1217;Autorização de Travessia de BR (DNIT);1.0;1.0;
;;;;;1219;Bucha, Arruela, parafuso e Porca Olhal;1.0;1.0;
;;;;;1220;Cadastro de OS no SIATE p/ Unidade consumidora;1.0;1.0;
;;;;;1221;Caixa de Medição com Alvenaria;1.0;1.0;
;;;;;1222;Caixa de Medição sem Alvenaria;1.0;1.0;
;;;;;1225;CAIXA CPREDE MONOFASICA;1.0;1.0;
;;;;;1227;Chave Fusível Religadora;1.0;1.0;
;;;;;1229;Conector Katro;1.0;1.0;
;;;;;1230;Conjunto de serviço de Regularização;1.0;1.0;
;;;;;1231;CONTRATO - Inst. de Regulador de Tensão Completo p/Ponto;1.0;1.0;
;;;;;1232;CONTRATO - Inst. de Religador de Linha Completo p/Ponto;1.0;1.0;
;;;;;1233;CONTRATO - Integração equip. RL/RT Sistema Scada (SERVIÇO);1.0;1.0;
;;;;;1237;Disjuntor;1.0;1.0;
;;;;;1238;Disponibilidade de Equipe de Construção (por Equipe e por Hora);1.0;1.0;
;;;;;1239;Elaboração de Projeto;1.0;1.0;
;;;;;1240;"Eletroduto de PVC Rigido 2"" A 3"" - Lançamento em Cava";1.0;1.0;
;;;;;1242;Fiscalização de obra - Terceirizada - DEALT;1.0;1.0;
;;;;;1247;Inspeção em LDR para encontrar defeito por Km.;1.0;1.0;
;;;;;1248;Instalação de Medição Fiscal;1.0;1.0;
;;;;;1249;Instalação de Medição Irrigante;1.0;1.0;
;;;;;1250;Instalação de placa em obra;1.0;1.0;
;;;;;1253;KIT P1 (Clandestino);1.0;1.0;
;;;;;1254;KIT P10 (Clandestino);1.0;1.0;
;;;;;1255;KIT P11 (Clandestino);1.0;1.0;
;;;;;1256;KIT P2 (Clandestino);1.0;1.0;
;;;;;1257;KIT P3 (Clandestino);1.0;1.0;
;;;;;1258;KIT P5 (Clandestino);1.0;1.0;
;;;;;1259;KIT P6 (Clandestino);1.0;1.0;
;;;;;1260;KIT P7 (Clandestino);1.0;1.0;
;;;;;1261;KIT P8 (Clandestino);1.0;1.0;
;;;;;1262;KIT P9 (Clandestino);1.0;1.0;
;;;;;1264;Levantamento Topógrafico Planialtimétrico de 1Km em áreas Rurais, inc;1.0;1.0;
;;;;;1269;Linha Viva Leve;1.0;1.0;
;;;;;1270;Linha Viva Pesada;1.0;1.0;
;;;;;1271;Medidor Monofásico;1.0;1.0;
;;;;;1272;Negociação de Divida com Aceite;1.0;1.0;
;;;;;1276;Projeto Elaborado por Terceiro;1.0;1.0;
;;;;;1278;Recuperação de Calçada com Revestimento;1.0;1.0;
;;;;;1279;Recuperação de Calçada sem Revestimento;1.0;1.0;
;;;;;1280;Recuperação de Calçada Simples;1.0;1.0;
;;;;;1281;Retirar objeto estranho em RDU/LDR por vão.;1.0;1.0;
;;;;;1284;Transporte de fiscalização tercerizada (Informar KM da sede da contra;1.0;1.0;
;;;;;1285;Tampa da Caixa de Medição;1.0;1.0;
;;;;;1286;Teste de Desvio Embutido;1.0;1.0;
;;;;;1287;Tornearia;1.0;1.0;
;;;;;1288;Transporte de Materiais e equipe para Obra - valor em Km.;1.0;1.0;
;;;;;1289;Transporte de Materiais para Obra - valor em Km.;1.0;1.0;
;;;;;1290;Trator por hora (esteira);1.0;1.0;
;;;;;1291;Trator por hora (pneu comum);1.0;1.0;
;;;;;1234;CAIXA CPREDE TRIFASICA;1.0;1.0;
;;;;;1251;PADRÃO COMPLETO PARA MEDIÇÃO IRRIGANTE - EMATER;1.0;1.0;
;;;;;1252;MEDIÇÃO IRRIGANTE - EMATER;1.0;1.0;
;;;;;1298;BLINDAGEM DE TRAFO MONOFASICO;1.0;1.0;
;;;;;1300;Serviço de inst. equipamento de medição;1.0;1.0;
;;;;;1292;CONTRATO - Serviço de Integração de Regulador com GPRS;1.0;1.0;
;;;;;1293;CONTRATO - Serviço de Integração de Regulador com radio digital;1.0;1.0;
;;;;;1294;CONTRATO - Serviço de Integração Sinalizador de falta;1.0;1.0;
;;;;;1295;CONTRATO - Serviço de Integração de Regulador com GPRS/Radio Digital;1.0;1.0;
;;;;;1296;CONTRATO - Serviço de Integração Self Healing;1.0;1.0;
;;;;;1442;TERC PROJ - Elaboração de projeto de travessia (DNIT, DER, Marinha e Ferrovia) - por Projeto;1.0;1.0;
;;;;;1297;CONTRATO - Construção de Casa de Comando de 2x3m com muro de 9x7m,;1.0;1.0;
;;;;;90701;LACO PREFORM TOPO PESC 60MM 336,4MCM(CA/CAA) 800,0MM C/COXIM;1.0;1.0;
;;;;;90034;PODA DE ÁRVORE POR UNIDADE COM RECOLHIMENTO;1.0;1.0;
;;;;;90035;PODA DE ÁRVORE POR UNIDADE SEM RECOLHIMENTO;1.0;1.0;
;;;;;90933;Conector cunha cobre cabo/cabo 150mm²/120mm² - azul;1.0;1.0;
;;;;;90934;Conector cunha cobre cabo/cabo 150mm²/150mm² - azul;1.0;1.0;
;;;;;90929;Conector cunha cobre cabo/cabo 150mm²/25mm² - azul;1.0;1.0;
;;;;;90930;Conector cunha cobre cabo/cabo 150mm²/35mm² - azul;1.0;1.0;
;;;;;90931;Conector cunha cobre cabo/cabo 150mm²/50mm² - azul;1.0;1.0;
;;;;;90932;Conector cunha cobre cabo/cabo 150mm²/70mm² - azul;1.0;1.0;
;;;;;90950;Conector cunha cobre cabo/cabo 150mm²/95mm² - azul;1.0;1.0;
;;;;;90940;Conector cunha cobre cabo/cabo 185mm²/120mm² - azul;1.0;1.0;
;;;;;90941;Conector cunha cobre cabo/cabo 185mm²/150mm² - azul;1.0;1.0;
;;;;;90942;Conector cunha cobre cabo/cabo 185mm²/185mm² - azul;1.0;1.0;
;;;;;90935;Conector cunha cobre cabo/cabo 185mm²/25mm² - azul;1.0;1.0;
;;;;;90936;Conector cunha cobre cabo/cabo 185mm²/35mm² - azul;1.0;1.0;
;;;;;90937;Conector cunha cobre cabo/cabo 185mm²/50mm² - azul;1.0;1.0;
;;;;;90938;Conector cunha cobre cabo/cabo 185mm²/70mm² - azul;1.0;1.0;
;;;;;90939;Conector cunha cobre cabo/cabo 185mm²/95mm² - azul;1.0;1.0;
;;;;;90920;Conector cunha cobre cabo/cabo 25 a 35mm²/16 a 25mm² - vermelho;1.0;1.0;
;;;;;90921;Conector cunha cobre cabo/cabo 35 a 50mm²/16 a 25mm² - vermelho;1.0;1.0;
;;;;;90943;Conector cunha cobre cabo/cabo 50 a 120mm²/16 a 50mm² - azul;1.0;1.0;
;;;;;90922;Conector cunha cobre cabo/cabo 50mm²/35mm² - vermelho;1.0;1.0;
;;;;;90944;Conector cunha cobre cabo/cabo 70 a 120mm²/25 a 50mm² - azul;1.0;1.0;
;;;;;90924;Conector cunha cobre cabo/cabo 70 a 120mm²/35 a 70mm² - azul;1.0;1.0;
;;;;;90923;Conector cunha cobre cabo/cabo 70 a 95mm²/16 a 25mm² - azul;1.0;1.0;
;;;;;90925;Conector cunha cobre cabo/cabo 95 a 120mm²/50 a 70mm² - azul;1.0;1.0;
;;;;;90926;Conector cunha cobre cabo/cabo 95 a 120mm²/70 a 95mm² - azul;1.0;1.0;
;;;;;42;FIO DE COBRE ISOLADO 1,5 MM2;1.0;1.0;
;;;;;90460;GRAMPO LINHA VIVA COBRE 2-1/0AWG/ 8-2/0AWG;1.0;1.0;
;;;;;90713;ALCA PREF LIGA-ALUMINIO 35 MM2 COM NEUTRO ISOLADO;1.0;1.0;
;;;;;90715;ALCA PREF LIGA-ALUMINIO 70 MM2 COM NEUTRO ISOLADO;1.0;1.0;
;;;;;90708;ALCA PREF DISTR LIGA-ALUM 9,15-10,25MM 670MM AMR;1.0;1.0;
;;;;;90722;ALCA PREF SERV LIGA-ALUM 8,70-9,70MM 380MM LRJ;1.0;1.0;
;;;;;423;REMOÇÃO DE CODIGO;1.0;1.0;
;;;;;90740;LACO CAL 4;1.0;1.0;
;;;;;90741;LACO CAL 2;1.0;1.0;
;;;;;90742;LACO CAL 1/0;1.0;1.0;
;;;;;90743;LACO CAL 2/0;1.0;1.0;
;;;;;90744;LACO CAL 3/0;1.0;1.0;
;;;;;90745;LACO CAL 4/0;1.0;1.0;
;;;;;90746;LACO CAL 336;1.0;1.0;
;;;;;90721;ALCA PREF SERV LIGA-ALUM 6,45-7,50MM 330MM BRC;1.0;1.0;
;;;;;90685;ALCA PREF DISTR ACO-ZINC 10,30-11,55MM 710MM AZL;1.0;1.0;
;;;;;90437;UVA EMENDA COMPRES DISTR ALUM CAA 2/0AWG 500/133MM;1.0;1.0;
;;;;;690916;CONTROLE DE RELIGADOR - REDE DE DISTRIBUICAO VCA;1.0;1.0;
;;;;;631187;BUCHA NYLON 10MM;1.0;1.0;
;;;;;91003;CAIXA MED BLIND METAL INDIVIDUAL CB-300 350X252X134MM;1.0;1.0;
;;;;;90823;CONECTOR ATERR CUNHA COBRE CB/HST 25-35MM2 14,3MM;1.0;1.0;
;;;;;90862;DISJUNTOR PROT TERMOMAG PEC IEC/DIN 1P 32A 240V 4,5KA CVC;1.0;1.0;
;;;;;37926;LACRE SEG. SEMI-BARREIRA PRETO;1.0;1.0;
;;;;;38577;PARAFUSO AUTO ATARR PANELA ACO GALV AB INOX 4,2MM 16MM;1.0;1.0;
;;;;;90390;PARAFUSO CAB SEXT ACO INOX M12 40MM 100DAN;1.0;1.0;
;;;;;38508;PARAFUSO SEXTAVADO AUTOBROCANTE TAM 12.7/8;1.0;1.0;
;;;;;91050;PARAFUSO TRAVA COM TORQUE CONTROLADO (CORPO MENOR);1.0;1.0;
;;;;;91056;PEC MONOF PST METALICO 5000X80X80X3MM 90DAN 25MM 16MM2 PERDA;1.0;1.0;
;;;;;91002;SUPORTE PARA CINTA FIXACAO CAIXA MONOFASICA CB 300;1.0;1.0;
;;;;;91151;TRANSF DISTR AER OVI 3F 13,8KV 380/220V 30KVA CL4 4TP;1.0;1.0;
;;;;;91151;TRANSF DISTR AER OVI 3F 13,8KV 380/220V 30KVA CL4 4TP;1.0;1.0;
;;;;;91152;TRANSF DISTR AER OVI 3F 13,8KV 380/220V 45KVA CL4 4TP;1.0;1.0;
;;;;;91153;TRANSF DISTR AER OVI 3F 13,8KV 380/220V 75KVA CL4 4TP;1.0;1.0;
;;;;;91154;TRANSF DISTR AER OVI 3F 13,8KV 380/220V 112,5KVA CL4 4TP;1.0;1.0;
;;;;;91155;TRANSF DISTR AER OVI 3F 13,8KV 380/220V 150KVA CL4 4TP;1.0;1.0;
;;;;;91156;TRANSF DISTR AER OVI 3F 13,8KV 380/220V 225KVA CL4 4TP;1.0;1.0;
;;;;;91157;TRANSF DISTR AER OVI 3F 13,8KV 380/220V 300KVA CL4 4TP;1.0;1.0;
;;;;;91121;TRANSF DISTR AER OVI 3F 13,8KV 380/220V 30KVA CL2 4TP;1.0;1.0;
;;;;;91121;TRANSF DISTR AER OVI 3F 13,8KV 380/220V 30KVA CL2 4TP;1.0;1.0;
;;;;;91122;TRANSF DISTR AER OVI 3F 13,8KV 380/220V 45KVA CL2 4TP;1.0;1.0;
;;;;;91086;TRANSF DISTR AER OVI 3F 13,8KV 380/220V 75KVA CL2 4TP;1.0;1.0;
;;;;;91085;TRANSF DISTR AER OVI 3F 13,8KV 380/220V 112,5KVA CL2 4TP;1.0;1.0;
;;;;;91123;TRANSF DISTR AER OVI 3F 13,8KV 380/220V 150KVA CL2 4TP;1.0;1.0;
;;;;;91124;TRANSF DISTR AER OVI 3F 13,8KV 380/220V 225KVA CL2 4TP;1.0;1.0;
;;;;;91125;TRANSF DISTR AER OVI 3F 13,8KV 380/220V 300KVA CL2 4TP;1.0;1.0;
;;;;;91609;TRANSF DISTR AER OVI 1F 7,967KV 230V 25KVA CL4 5TP;1.0;1.0;
;;;;;91609;TRANSF DISTR AER OVI 1F 7,967KV 230V 25KVA CL4 5TP;1.0;1.0;
;;;;;91609;TRANSF DISTR AER OVI 1F 7,967KV 230V 25KVA CL4 5TP;1.0;1.0;
;;;;;91606;TRANSF DISTR AER OVI 1F 7,967KV 230V 25KVA CL2 5TP;1.0;1.0;
;;;;;91606;TRANSF DISTR AER OVI 1F 7,967KV 230V 25KVA CL2 5TP;1.0;1.0;
;;;;;91606;TRANSF DISTR AER OVI 1F 7,967KV 230V 25KVA CL2 5TP;1.0;1.0;
;;;;;91009;TRANSF DISTR AER OMI 1F 7,969KV 230V 5KVA CL2 5TP;1.0;1.0;
;;;;;92110;FIO COBRE ISOLAD 450/750V BWF/PVC 2,5MM2 CL1/4/5 PRT;1.0;1.0;
;;;;;92113;FIO COBRE ISOLAD 450/750V BWF/PVC 2,5MM2 CL1/4/5 VRM;1.0;1.0;
;;;;;7870;GRAMPO MIGUELAO C/PREGO DUPLO 1,8X25MM 4,0 MM BCO;1.0;1.0;
;;;;;632564;INTERRUPTOR 1 TECLA DE SOBREPOR 10A 250V;1.0;1.0;
;;;;;643460;LAMPADA BULBO LED 15W BRANCA 6500K BIVOLT;1.0;1.0;
;;;;;22226;QUADRO ELETR PP 53X 144X 65MM;1.0;1.0;
;;;;;22227;SOQUETE LAMP BAQUELITE 4A-250V E27;1.0;1.0;
;;;;;22273;ROSETA INST REDE BT REDONDA POLIETILENO 600X10MM;1.0;1.0;
;;;;;90841;DISJUNTOR PROT TERMOMAG PEC NEMA 1P 15A 220V 3,0KA CVC;1.0;1.0;
;;;;;607585;TOMADA P/REDE ELETRICA+2P+T;1.0;1.0;
;;;;;4431;Kit de Instalação Interna RES.488;1.0;1.0;
;;;;;639243;ISOL ROLD FIX PREGO 0,6KV PVC 30X24MM;1.0;1.0;
;;;;;4595;Alteração de US - Item a ser utilizado para pagamento da diferença na medição de mão de obra quando houver ajuste no valor da US.;1.0;1.0;
;;;;;2407;Conjunto Proteção Secundária Monofásica;1.0;1.0;
;;;;;2408;Conjunto Proteção Secundária Trifásica;1.0;1.0;
;;;;;2119;Cruzeta Limpa (Sem material ou equipamento);1.0;1.0;
;;;;;7036;EFET MANOBRA CHAV FACA AB/FEC LM;1.0;1.0;
;;;;;7037;EFET MANOBRA CHAV FUS AB/FEC LM;1.0;1.0;
;;;;;4520;Fiscalização de obra - Terceirizada (Por ponto fiscalizado);1.0;1.0;
;;;;;91379;Instalação do kit interno – 3 pontos de luz e 2 pontos de tomada (REN 488). Fornecimento de materiais pela contratada. (RURAL);1.0;1.0;
;;;;;91380;"Instalação do padrão de entrada (REN 488); (RURAL)";1.0;1.0;
;;;;;1536;LINHA VIVA - Amarração de condutor no isolador.;1.0;1.0;
;;;;;1360;LINHA VIVA - APRUMAR POSTE;1.0;1.0;
;;;;;1559;LINHA VIVA - Aterramento completo com três hastes.;1.0;1.0;
;;;;;1562;LINHA VIVA - Estai de âncora.;1.0;1.0;
;;;;;1524;LINHA VIVA - Capacitor com chave, por peça.;1.0;1.0;
;;;;;1563;LINHA VIVA - Estai poste a poste, cruzeta a cruzeta, cruzeta a poste.;1.0;1.0;
;;;;;1551;LINHA VIVA - Flying-tap primário ou secundário.;1.0;1.0;
;;;;;1591;LINHA VIVA - Poda de árvore em RDU - por unidade.;1.0;1.0;
;;;;;1568;LINHA VIVA - Retensionamento de estai ou remoção.;1.0;1.0;
;;;;;1584;LINHA VIVA - Condutores de aluminio, por quilo.;1.0;1.0;
;;;;;1540;LINHA VIVA - Condutores de cobre, por metro.;1.0;1.0;
;;;;;1367;LINHA VIVA - EMENDAR CONDUTOR (POR UNIDADE);1.0;1.0;
;;;;;1587;LINHA VIVA - Espaçador em rede protegida - Losangular;1.0;1.0;
;;;;;1588;LINHA VIVA - Espaçador em rede secundária.;1.0;1.0;
;;;;;1489;LINHA VIVA - Nivelamento;1.0;1.0;
;;;;;1544;LINHA VIVA - Retensionamento e nivelamento por vão.;1.0;1.0;
;;;;;1394;LINHA VIVA- CABOMEGA JUMPER;1.0;1.0;
;;;;;1525;LINHA VIVA - Chave a óleo.;1.0;1.0;
;;;;;1529;LINHA VIVA - Chave-faca unipolar (peça).;1.0;1.0;
;;;;;1530;LINHA VIVA - Chave-fusível (peça) + elo fusível (peça).;1.0;1.0;
;;;;;1397;LINHA VIVA- CONJUNTO SERTA;1.0;1.0;
;;;;;1434;LINHA VIVA-CH. FUSÍVEL RELIGADORA (POR UNIDADE);1.0;1.0;
;;;;;1370;LINHA VIVA - GLV C/ ESTRIBO (POR UNIDADE);1.0;1.0;
;;;;;1552;LINHA VIVA - Reapertar/refazer conexão de aperto, por peça.;1.0;1.0;
;;;;;1553;LINHA VIVA - Refazer conexão a compressão, por peça.;1.0;1.0;
;;;;;1556;LINHA VIVA - Refazer conexão cunha, por peça.;1.0;1.0;
;;;;;1555;LINHA VIVA - Refazer jampe de alta tensão.;1.0;1.0;
;;;;;1363;LINHA VIVA - CARTUCHO FUSÍVEL/ELO;1.0;1.0;
;;;;;1479;LINHA VIVA - Limpo (sem material ou equipamento).;1.0;1.0;
;;;;;1372;LINHA VIVA - MEDIÇÃO/AJUSTE DE TAP´S;1.0;1.0;
;;;;;1521;LINHA VIVA - Monofásicos/Trifásicos sem equipamentos.;1.0;1.0;
;;;;;1569;LINHA VIVA - Braço de Iluminação Pública.;1.0;1.0;
;;;;;1483;LINHA VIVA - Compacta CE1;1.0;1.0;
;;;;;1484;LINHA VIVA - Compacta CE1A;1.0;1.0;
;;;;;1485;LINHA VIVA - Compacta CE2;1.0;1.0;
;;;;;1486;LINHA VIVA - Compacta CE2-3;1.0;1.0;
;;;;;1487;LINHA VIVA - Compacta CE3;1.0;1.0;
;;;;;1488;LINHA VIVA - Compacta CE4;1.0;1.0;
;;;;;1490;LINHA VIVA - Compacta CEJ1;1.0;1.0;
;;;;;1491;LINHA VIVA - Compacta CEJ2;1.0;1.0;
;;;;;1547;LINHA VIVA - Isolador de pino.;1.0;1.0;
;;;;;1371;LINHA VIVA - ISOLADOR SUSPENSÂO;1.0;1.0;
;;;;;1385;LINHA VIVA - OUTRAS (HT/HL/ETC);1.0;1.0;
;;;;;1592;LINHA VIVA - Retirar objeto estranho em RDU/LDR por vão.;1.0;1.0;
;;;;;1548;LINHA VIVA - Pino de Aço do Isolador.;1.0;1.0;
;;;;;1492;LINHA VIVA - Tipo N1/M1/B1.;1.0;1.0;
;;;;;1493;LINHA VIVA - Tipo N2/M2/B2.;1.0;1.0;
;;;;;1494;LINHA VIVA - Tipo N3/M3/B3;1.0;1.0;
;;;;;1495;LINHA VIVA - Tipo N4/M4/B4/TE.;1.0;1.0;
;;;;;1515;LINHA VIVA - Tipo U1.;1.0;1.0;
;;;;;1516;LINHA VIVA - Tipo U2.;1.0;1.0;
;;;;;1517;LINHA VIVA - Tipo U3.;1.0;1.0;
;;;;;1518;LINHA VIVA - Tipo U4.;1.0;1.0;
;;;;;1531;LINHA VIVA - Pára-raios (peça).;1.0;1.0;
;;;;;1533;LINHA VIVA - Regulador de tensão ou booster em estrutura monofásica, com postes, chaves e pára-raios. (por celula);1.0;1.0;
;;;;;1409;LINHA VIVA- MANOBRAR CHAVE FUSÍVEL (POR PEÇA);1.0;1.0;
;;;;;1417;LINHA VIVA- MANUTENÇÃO CHAVE FUSÍVEL RELIGADORA (POR UNIDADE);1.0;1.0;
;;;;;1418;LINHA VIVA- MANUTENÇÃO REGULADOR TENSÃO (CONJUNTO);1.0;1.0;
;;;;;1389;LINHA VIVA - SECCIONALIZADOR/RELIGADOR/CHAVE REMOTA;1.0;1.0;
;;;;;1438;LINHA VIVA-ISOLAMENTO RD/MT (PROVISÓRIO P/ UNIDADE);1.0;1.0;
;;;;;90030;MOBILIZAÇÃO OU DESMOBILIZAÇÃO DE EQUIPE DE LINHA MORTA 4 PESSOAS;1.0;1.0;
;;;;;90031;MOBILIZAÇÃO OU DESMOBILIZAÇÃO DE EQUIPE DE LINHA MORTA 7 PESSOAS;1.0;1.0;
;;;;;90032;MOBILIZAÇÃO OU DESMOBILIZAÇÃO DE EQUIPE DE LINHA VIVA 3 PESSOAS;1.0;1.0;
;;;;;90033;MOBILIZAÇÃO OU DESMOBILIZAÇÃO DE EQUIPE DE LINHA VIVA 4 PESSOAS;1.0;1.0;
;;;;;2402;MÓDULO DE CONTROLE P/ BANCO REGULADOR/RELIGADOR;1.0;1.0;
;;;;;90078;Roço Manual (UN) por metro quadrado - vegetação a 20cm do solo (DEMANDA EVENTUAL);1.0;1.0;
;;;;;90079;Roço Mecanizado (UN) por metro quadrado - vegetação a 20cm do solo (DEMANDA EVENTUAL);1.0;1.0;
;;;;;2332;TP DE 15KV;1.0;1.0;
;;;;;26454;Transporte de equipamentos e materiais pesados;1.0;1.0;
;;;;;11458;TRANSPORTE ENTRE CIDADES;1.0;1.0;
;;;;;690496;ALCA PREF DISTR ACO-COBR 7,10-7,90MM 585MM PRT;1.0;1.0;
;;;;;690497;ALCA PREF DISTR ACO-COBR 8,50-9,50MM 650MM BRC;1.0;1.0;
;;;;;690498;ALCA PREF DISTR ACO-COBR 9,80-11,00MM 725MM VRD;1.0;1.0;
;;;;;690499;ALCA PREF DISTR ACO-COBR 11,60-13,00MM 890MM AZL;1.0;1.0;
;;;;;690500;ALCA PREF DISTR ACO-COBR 13,70-15,30MM 940MM PRT;1.0;1.0;
;;;;;690501;ALCA PREF DISTR ACO-COBR 15,30-17,20MM 1000MM PRT;1.0;1.0;
;;;;;690502;ALCA PREF DISTR ACO-COBR 16,70-18,80MM 1060MM PRT;1.0;1.0;
;;;;;690472;ALCA PREF DISTR ACO-COBR 5,80-6,50MM 480MM AMR;1.0;1.0;
;;;;;91325;CABO COBR POTENC SUBT 0,6/1,0KV PVC/XLPE 1X120MM2 1F PRT;1.0;1.0;
;;;;;91326;CABO COBR POTENC SUBT 0,6/1,0KV PVC/XLPE 1X150MM2 1F PRT;1.0;1.0;
;;;;;91327;CABO COBR POTENC SUBT 0,6/1,0KV PVC/XLPE 1X185MM2 1F PRT;1.0;1.0;
;;;;;92221;CABO COBR POTENC SUBT 8,7/15KV EPR/HEPR/XLPE 1X35MM2 1F PT;1.0;1.0;
;;;;;91100;CABO COBR POTENC SUBT 0,6/1,0KV PVC/XLPE 1X50MM2 1F PRT;1.0;1.0;
;;;;;91101;CABO COBR POTENC SUBT 0,6/1,0KV PVC/XLPE 1X70MM2 1F PRT;1.0;1.0;
;;;;;91102;CABO COBR POTENC SUBT 0,6/1,0KV PVC/XLPE 1X95MM2 1F PRT;1.0;1.0;
;;;;;90836;CABO ACO COBREADO 1F LCA IACS53% 3X2,59MM 16MM2;1.0;1.0;
;;;;;90244;MANILHA DISTR TORCIDA ACO-GALV 90MM M16 50KN 90GR;1.0;1.0;
;;;;;90700;AFASTADOR DE BRAÇO TIPO L;1.0;1.0;
;;;;;90516;BRACO GRAMPO SUSP CABO BT 234X130X36MM 7,0-17,0MM 500DAN;1.0;1.0;
;;;;;90213;CINTA POSTE CIRCULAR ACO GALV 130MM 6MM 5000DAN;1.0;1.0;
;;;;;90215;CINTA POSTE CIRCULAR ACO GALV 160MM 6MM 5000DAN;1.0;1.0;
;;;;;90216;CINTA POSTE CIRCULAR ACO GALV 170MM 6MM 5000DAN;1.0;1.0;
;;;;;90218;CINTA POSTE CIRCULAR ACO GALV 190MM 6MM 5000DAN;1.0;1.0;
;;;;;90220;CINTA POSTE CIRCULAR ACO GALV 220MM 6MM 5000DAN;1.0;1.0;
;;;;;90221;CINTA POSTE CIRCULAR ACO GALV 230MM 6MM 5000DAN;1.0;1.0;
;;;;;90222;CINTA POSTE CIRCULAR ACO GALV 240MM 6MM 5000DAN;1.0;1.0;
;;;;;90223;CINTA POSTE CIRCULAR ACO GALV 250MM 6MM 5000DAN;1.0;1.0;
;;;;;90226;CINTA POSTE CIRCULAR ACO GALV 300MM 6MM 5000DAN;1.0;1.0;
;;;;;90228;CINTA POSTE CIRCULAR ACO GALV 320MM 6MM 5000DAN;1.0;1.0;
;;;;;90230;CINTA POSTE CIRCULAR ACO GALV 150MM 6MM 5000DAN;1.0;1.0;
;;;;;90231;CINTA POSTE CIRCULAR ACO GALV 210MM 6MM 5000DAN;1.0;1.0;
;;;;;90232;CINTA POSTE CIRCULAR ACO GALV 260MM 6MM 5000DAN;1.0;1.0;
;;;;;90233;CINTA POSTE CIRCULAR ACO GALV 290MM 6MM 5000DAN;1.0;1.0;
;;;;;90234;CINTA POSTE CIRCULAR ACO GALV 330MM 6MM 5000DAN;1.0;1.0;
;;;;;90235;CINTA POSTE CIRCULAR ACO GALV 340MM 6MM 5000DAN;1.0;1.0;
;;;;;90236;CINTA POSTE CIRCULAR ACO GALV 350MM 6MM 5000DAN;1.0;1.0;
;;;;;90224;CINTA POSTE CIRCULAR ACO GALV 270MM 6MM 5000DAN;1.0;1.0;
;;;;;90227;CINTA POSTE CIRCULAR ACO GALV 310MM 6MM 5000DAN;1.0;1.0;
;;;;;90237;CINTA POSTE CIRCULAR ACO GALV 360MM 6MM 5000DAN;1.0;1.0;
;;;;;90214;CINTA POSTE CIRCULAR ACO GALV 140MM 6MM 5000DAN;1.0;1.0;
;;;;;90219;CINTA POSTE CIRCULAR ACO GALV 200MM 6MM 5000DAN;1.0;1.0;
;;;;;90217;CINTA POSTE CIRCULAR ACO GALV 180MM 6MM 5000DAN;1.0;1.0;
;;;;;90225;CINTA POSTE CIRCULAR ACO GALV 280MM 6MM 5000DAN;1.0;1.0;
;;;;;92131;CINTA POSTE CIRCULAR ACO GALV 370MM 6MM 5000DAN;1.0;1.0;
;;;;;92132;CINTA POSTE CIRCULAR ACO GALV 380MM 6MM 5000DAN;1.0;1.0;
;;;;;92133;CINTA POSTE CIRCULAR ACO GALV 390MM 6MM 5000DAN;1.0;1.0;
;;;;;92134;CINTA POSTE CIRCULAR ACO GALV 400MM 6MM 5000DAN;1.0;1.0;
;;;;;92135;CINTA POSTE CIRCULAR ACO GALV 410MM 6MM 5000DAN;1.0;1.0;
;;;;;92136;CINTA POSTE CIRCULAR ACO GALV 420MM 6MM 5000DAN;1.0;1.0;
;;;;;CIRCULAR;POSTE CIRCULAR;1.0;1.0;
;;;;;90374;PARAFUSO ABAU SAE1020 RP MG M16X 150MM;1.0;1.0;
;;;;;92325;ELETRODUTO RIGIDO INFRA PVC 3000MM DN20 PRT;1.0;1.0;
;;;;;66049;COLCHETE POR PEÇA;1.0;1.0;
;;;;;62061;CORTE ÁRVORE LEVE LM ÁREA RURAL;1.0;1.0;
;;;;;62070;CORTE ÁRVORE LEVE LM ÁREA URBANA;1.0;1.0;
;;;;;66011;CORTE ÁRVORE LM AMARRADA/TIFOR;1.0;1.0;
;;;;;64176;CORTE ÁRVORE MÉDIA LM ÁREA RURAL;1.0;1.0;
;;;;;64177;CORTE ÁRVORE MÉDIA LM ÁREA URBANA;1.0;1.0;
;;;;;66009;CORTE ÁRVORE PESADA LM ÁREA RURAL;1.0;1.0;
;;;;;66010;CORTE ÁRVORE PESADA LM ÁREA URBANA;1.0;1.0;
;;;;;64103;CORTE BAMBU LM C/ RECOLHA POR M²;1.0;1.0;
;;;;;64104;CORTE BAMBU LM S/ RECOLHA POR M²;1.0;1.0;
;;;;;60161;CORTE DE RAMA (TREPADEIRA) S/RECOLHA EM POSTE (SDBT) POR PEÇA;1.0;1.0;
;;;;;60162;CORTE DE RAMA (TREPADEIRA) S/RECOLHA EM POSTE (SDMT) POR PEÇA;1.0;1.0;
;;;;;64174;PODA CERCA VIVA POR M;1.0;1.0;
;;;;;60130;PODA LEVE LM EM ÁREA AGRUPADA;1.0;1.0;
;;;;;60131;PODA LEVE LM EM ÁREA ISOLADA;1.0;1.0;
;;;;;60132;PODA MÉDIA LM EM ÁREA AGRUPADA;1.0;1.0;
;;;;;60133;PODA MÉDIA LM EM ÁREA ISOLADA;1.0;1.0;
;;;;;60134;PODA PESADA LM EM ÁREA AGRUPADA;1.0;1.0;
;;;;;60135;PODA PESADA LM EM ÁREA ISOLADA;1.0;1.0;
;;;;;61700;RECOLHA POR ÁRVORE ÁREA RURAL;1.0;1.0;
;;;;;61710;RECOLHA POR ÁRVORE ÁREA URBANA;1.0;1.0;
;;;;;60500;RECOLHA RURAL POR M²;1.0;1.0;
;;;;;60510;RECOLHA URBANA POR PONTO;1.0;1.0;
;;;;;66020;ABERTURA FAIXA MANUAL LEVE POR M²;1.0;1.0;
;;;;;64220;ABERTURA FAIXA MANUAL PESADA POR M²;1.0;1.0;
;;;;;64238;ABERTURA FAIXA MECANIZADA LEVE POR M²;1.0;1.0;
;;;;;62041;ABERTURA FAIXA MECANIZADA PESADA POR M²;1.0;1.0;
;;;;;68042;LIMPEZA FAIXA LEVE MANUAL POR M²;1.0;1.0;
;;;;;64095;LIMPEZA FAIXA LEVE MECANIZADA POR M²;1.0;1.0;
;;;;;68043;LIMPEZA FAIXA PESADA MANUAL POR M²;1.0;1.0;
;;;;;68077;LIMPEZA FAIXA PESADA MECANIZADA POR M²;1.0;1.0;
;;;;;60520;UTILIZAÇÃO DE VEICULO PRANCHA PARA DESLOCAMENTO DE MAQUINA POR KM;1.0;1.0;
;;;;;62045;DEFENSA CONCRETO ARMADO;1.0;1.0;
;;;;;62297;POSTE DE CONCRETO <= 13M LM;1.0;1.0;
;;;;;60137;POSTE DE CONCRETO > 13M LM;1.0;1.0;
;;;;;62222;POSTE DE FIBRA DE VIDRO <= 13M LM;1.0;1.0;
;;;;;60081;POSTE METALICO LM (SDBT);1.0;1.0;
;;;;;64204;APRUMO DE POSTE DE CONCRETO <= 13M;1.0;1.0;
;;;;;64218;APRUMO DE POSTE DE CONCRETO > 13M;1.0;1.0;
;;;;;64206;APRUMO DE POSTE DE FIBRA DE VIDRO <= 13M;1.0;1.0;
;;;;;60060;BANDOLAGEM MECANIZADA POSTE DE CONCRETO <= 13M POR M;1.0;1.0;
;;;;;60062;BANDOLAGEM MECANIZADA POSTE DE FIBRA DE VIDRO <= 13M POR M;1.0;1.0;
;;;;;62224;BANDOLAGEM POSTE DE CONCRETO <= 13M POR M;1.0;1.0;
;;;;;60066;BANDOLAGEM POSTE DE FIBRA DE VIDRO <= 13M POR M;1.0;1.0;
;;;;;64239;CONCRETAR BASE DE POSTE;1.0;1.0;
;;;;;68069;FUNDAÇÃO ESPECIAL 1 TUBULÃO;1.0;1.0;
;;;;;68070;FUNDAÇÃO ESPECIAL 2 TUBULÃO;1.0;1.0;
;;;;;62261;CAVA SOLO NORMAL > 1m <= 2m;1.0;1.0;
;;;;;62262;CAVA SOLO NORMAL > 2m <= 3m;1.0;1.0;
;;;;;61600;CAVA MECANIZADA SOLO NORMAL > 1m <= 2m;1.0;1.0;
;;;;;61610;CAVA MECANIZADA SOLO NORMAL > 2m <= 3m;1.0;1.0;
;;;;;62246;CAVA EM ROCHA COM EQUIPAMENTO > 1m <= 2m;1.0;1.0;
;;;;;62204;CAVA EM ROCHA COM EQUIPAMENTO > 2m <= 3m;1.0;1.0;
;;;;;64083;CAVA PARA ESTAI COM EQUIPAMENTO LM;1.0;1.0;
;;;;;64092;CAVA EM ROCHA COM UTILIZAÇÃO DE PYROBLAST;1.0;1.0;
;;;;;60210;UTILIZAÇÃO DE GERADOR;1.0;1.0;
;;;;;67000;MOBILIZAÇÃO E DESMOBILIZAÇÃO EQUIPE;1.0;1.0;
;;;;;67001;RETROATIVO ADEQUAÇÃO DE US DO CONTRATO;1.0;1.0;
;;;;;67002;DESLOCAMENTO DA EQUIPE PESADA FORA REGIONAL POR KM;1.0;1.0;
;;;;;67003;DIÁRIA HOSPÉDAGEM E ALIMENTAÇÃO FORA REGIONAL;1.0;1.0;
;;;;;67004;UTILIZAÇÃODE RECURSOS EXTRAORDINÁRIOS (DESLOCAMENTO);1.0;1.0;
;;;;;67005;DESLOCAMENTO DA EQUIPE MÉDIA FORA REGIONAL POR KM;1.0;1.0;
;;;;;67006;DESLOCAMENTO DA EQUIPE LEVE FORA REGIONAL POR KM;1.0;1.0;
;;;;;62073;AFASTADOR LE (SDBT);1.0;1.0;
;;;;;60002;AFASTADOR LM (SDBT);1.0;1.0;
;;;;;64231;ARMAÇÃO SECUNDARIA DE 1 ESTRIBO LE (SDBT);1.0;1.0;
;;;;;64223;ARMAÇÃO SECUNDARIA DE 1 ESTRIBO LM (SDBT);1.0;1.0;
;;;;;64232;ARMAÇÃO SECUNDARIA DE 2 ESTRIBOS LE (SDBT);1.0;1.0;
;;;;;64224;ARMAÇÃO SECUNDARIA DE 2 ESTRIBOS LM (SDBT);1.0;1.0;
;;;;;64233;ARMAÇÃO SECUNDARIA DE 3 ESTRIBOS LE (SDBT);1.0;1.0;
;;;;;64225;ARMAÇÃO SECUNDARIA DE 3 ESTRIBOS LM (SDBT);1.0;1.0;
;;;;;64234;ARMAÇÃO SECUNDARIA DE 4 ESTRIBOS LE (SDBT);1.0;1.0;
;;;;;64226;ARMAÇÃO SECUNDARIA DE 4 ESTRIBOS LM (SDBT);1.0;1.0;
;;;;;62231;ESTRUTURA RA1 P/ RAMAL (SDBT);1.0;1.0;
;;;;;62192;ESTRUTURA RA2 P/ RAMAL (SDBT);1.0;1.0;
;;;;;62236;ESTRUTURA SECUNDÁRIA ISOLADA BI 9 (SDBT);1.0;1.0;
;;;;;64134;ESTRUTURA SECUNDÁRIA ISOLADA BI1 E BI2 (SDBT);1.0;1.0;
;;;;;62238;ESTRUTURA SECUNDÁRIA ISOLADA BI3, BI4, BI5, BI6 (SDBT);1.0;1.0;
;;;;;62194;ESTRUTURA SECUNDÁRIA ISOLADA BI7 E BI8 (SDBT);1.0;1.0;
;;;;;62197;ESTRUTURA SI1 LE (SDBT);1.0;1.0;
;;;;;60072;ESTRUTURA SI1 LM (SDBT);1.0;1.0;
;;;;;62199;ESTRUTURA SI3 LE (SDBT);1.0;1.0;
;;;;;62205;ESTRUTURA SI3 LM (SDBT);1.0;1.0;
;;;;;62207;ESTRUTURA SI4 LE (SDBT);1.0;1.0;
;;;;;62211;ESTRUTURA SI4 LM (SDBT);1.0;1.0;
;;;;;64197;CRUZETA LIMPA CONCRETO 1N/1M/1B LM;1.0;1.0;
;;;;;64201;CRUZETA LIMPA CONCRETO 2N/2M/2B LM;1.0;1.0;
;;;;;64209;CRUZETA LIMPA POLIMÉRICA/MADEIRA 1N/1M/1B/1BE LM;1.0;1.0;
;;;;;64211;CRUZETA LIMPA POLIMÉRICA/MADEIRA 2N/2M/2B/2BE LM;1.0;1.0;
;;;;;60007;ESTRUTURA B1/M1/N1/T1 CONCRETO LM (SDMT);1.0;1.0;
;;;;;62221;ESTRUTURA B1/M1/N1/T1 POLIMÉRICA/MADEIRA LM (SDMT);1.0;1.0;
;;;;;62223;ESTRUTURA B1E POLIMÉRICA/MADEIRA/METÁLICA 3M LM (SDMT);1.0;1.0;
;;;;;60067;ESTRUTURA B2/M2/N2/T2 CONCRETO LM (SDMT);1.0;1.0;
;;;;;60073;ESTRUTURA B2/ME2/N2/T2 POLIMÉRICA/MADEIRA LM (SDMT);1.0;1.0;
;;;;;60076;ESTRUTURA B2E POLIMÉRICA/MADEIRA/METÁLICA 3M LM (SDMT);1.0;1.0;
;;;;;60080;ESTRUTURA B3/M3/N3/T3 CONCRETO LM (SDMT);1.0;1.0;
;;;;;60084;ESTRUTURA B3/M3/N3/T3 POLIMÉRICA/MADEIRA LM (SDMT);1.0;1.0;
;;;;;60092;ESTRUTURA B3E POLIMÉRICA/MADEIRA/METÁLICA 3M LM (SDMT);1.0;1.0;
;;;;;60096;ESTRUTURA B4/M4/N4/T4 CONCRETO LM (SDMT);1.0;1.0;
;;;;;60100;ESTRUTURA B4/M4/N4/T4 POLIMÉRICA/MADEIRA LM (SDMT);1.0;1.0;
;;;;;60104;ESTRUTURA B4E POLIMÉRICA/MADEIRA/METÁLICA 3M LM (SDMT);1.0;1.0;
;;;;;62184;ESTRUTURA CE1 LM (SDMT);1.0;1.0;
;;;;;62020;ESTRUTURA CE1A LM (SDMT);1.0;1.0;
;;;;;62186;ESTRUTURA CE2/ CE2H LM (SDMT);1.0;1.0;
;;;;;62188;ESTRUTURA CE2-3 LM (SDMT);1.0;1.0;
;;;;;62190;ESTRUTURA CE3 LM (SDMT);1.0;1.0;
;;;;;62220;ESTRUTURA CE3U LM (SDMT);1.0;1.0;
;;;;;62195;ESTRUTURA CE4 LM (SDMT);1.0;1.0;
;;;;;62200;ESTRUTURA CEJ1 LM (SDMT);1.0;1.0;
;;;;;62202;ESTRUTURA CEJ2 LM (SDMT);1.0;1.0;
;;;;;60350;ESTRUTURA HT LM (SDMT);1.0;1.0;
;;;;;62209;ESTRUTURA HTE LM (SDMT);1.0;1.0;
;;;;;64082;ESTRUTURA HTTE LM (SDMT);1.0;1.0;
;;;;;62037;ESTRUTURA PRIMÁRIA P/ NEUTRO CONTÍNUO LM (SDMT);1.0;1.0;
;;;;;62213;ESTRUTURA TE CONCRETO LM (SDMT);1.0;1.0;
;;;;;62217;ESTRUTURA TE POLIMÉRICA/MADEIRA LM (SDMT);1.0;1.0;
;;;;;62240;ESTRUTURA U1 LM (SDMT);1.0;1.0;
;;;;;62242;ESTRUTURA U2 LM (SDMT);1.0;1.0;
;;;;;62244;ESTRUTURA U3 LM (SDMT);1.0;1.0;
;;;;;62247;ESTRUTURA U4 LM (SDMT);1.0;1.0;
;;;;;60038;ISOLADOR BASTÃO POLIMERICO <= 34,5kV LM (SDMT);1.0;1.0;
;;;;;62256;ISOLADOR DE DISCO LM (SDMT);1.0;1.0;
;;;;;62091;ISOLADOR PILAR PORCELANA <= 34,5kV LM (SDMT);1.0;1.0;
;;;;;62093;ISOLADOR PINO POLIMERICO <= 34,5kV LM (SDMT);1.0;1.0;
;;;;;62047;ISOLADOR ROLDANA PORCELANA/VIDRO <= 1,2kV LM (SDBT);1.0;1.0;
;;;;;62146;PINO COM ISOLADOR HITOP PORCELANA/VIDRO LM (SDMT);1.0;1.0;
;;;;;60088;ESTRUTURA B32/M32/N32/T32 POLIMÉRICA/MADEIRA/CONCRETO LM (SDMT);1.0;1.0;
;;;;;64240;NIVELAMENTO DE CRUZETA LM;1.0;1.0;
;;;;;64087;AMARRAÇÃO CONDUTOR NO ISOLADOR LM (SDBT);1.0;1.0;
;;;;;64089;AMARRAÇÃO CONDUTOR NO ISOLADOR LM (SDMT);1.0;1.0;
;;;;;60030;COBERTURA PROTETORA LE (SDBT) POR FASE;1.0;1.0;
;;;;;64228;CONDUTOR MULTIPLEX <= 70MM² AEREO LM (SDBT) POR M;1.0;1.0;
;;;;;62051;CONDUTOR MULTIPLEX > 70MM² AEREO LM (SDBT) POR M;1.0;1.0;
;;;;;64229;CONDUTOR NU <= 2/0 AEREO LM (SDBT) POR M;1.0;1.0;
;;;;;64230;CONDUTOR NU <= 2/0 AEREO LM (SDMT) POR M;1.0;1.0;
;;;;;64237;CONDUTOR NU > 2/0 AEREO LM (SDBT) POR M;1.0;1.0;
;;;;;62088;CONDUTOR NU > 2/0 AEREO LM (SDMT) POR M;1.0;1.0;
;;;;;66007;CONDUTOR PROTEGIDO/ISOLADO <= 95MM² AEREO LM (SDMT) POR M;1.0;1.0;
;;;;;66005;CONDUTOR PROTEGIDO/ISOLADO > 95MM² AEREO LM (SDMT) POR M;1.0;1.0;
;;;;;62099;CORDOALHA PARA REDE PROTEGIDA POR M;1.0;1.0;
;;;;;62170;ESPAÇADOR HORIZONTAL LM (SDMT);1.0;1.0;
;;;;;62007;ESPAÇADOR LOSANGULAR LM (SDMT);1.0;1.0;
;;;;;62133;FLYING-TAP REDE MULTIPLEX LM (SDBT);1.0;1.0;
;;;;;62135;FLYING-TAP REDE NU LM (SDBT);1.0;1.0;
;;;;;62137;FLYING-TAP REDE NU LM (SDMT);1.0;1.0;
;;;;;62139;FLYING-TAP REDE PROTEGIDA LM (SDMT);1.0;1.0;
;;;;;62055;DESTRANÇAR CONDUTOR LM (SDBT);1.0;1.0;
;;;;;62056;DESTRANÇAR CONDUTOR LM (SDMT);1.0;1.0;
;;;;;62121;EMENDA AUTOMÁTICA REDE MULTIPLEX LM (SDBT);1.0;1.0;
;;;;;62122;EMENDA AUTOMÁTICA REDE NU LM (SDBT);1.0;1.0;
;;;;;62123;EMENDA AUTOMÁTICA REDE NU LM (SDMT);1.0;1.0;
;;;;;62124;EMENDA COMPRESSÃO REDE NU LM (SDBT);1.0;1.0;
;;;;;62125;EMENDA COMPRESSÃO REDE NU LM (SDMT);1.0;1.0;
;;;;;62126;EMENDA COMPRESSÃO REDE PROTEGIDO LM (SDMT);1.0;1.0;
;;;;;62128;EMENDA PREFORMADA REDE NU LM (SDBT);1.0;1.0;
;;;;;62130;EMENDA PREFORMADA REDE NU LM (SDMT);1.0;1.0;
;;;;;64198;NIVELAMENTO VÃO REDE MULTIPLEX <= 70MM LE (SDBT) POR M;1.0;1.0;
;;;;;64200;NIVELAMENTO VÃO REDE MULTIPLEX <= 70MM LM (SDBT) POR M;1.0;1.0;
;;;;;62141;NIVELAMENTO VÃO REDE MULTIPLEX > 70 MM LM (SDBT) POR M;1.0;1.0;
;;;;;62110;NIVELAMENTO VÃO REDE MULTIPLEX > 70MM LE (SDBT) POR M;1.0;1.0;
;;;;;64210;NIVELAMENTO VÃO REDE NU <= 2/0 CA/CAA LM (SDBT) POR M;1.0;1.0;
;;;;;64208;NIVELAMENTO VÃO REDE NU <= 2/0 CA/CAA LM (SDMT) POR M;1.0;1.0;
;;;;;62143;NIVELAMENTO VÃO REDE NU > 2/0 CA/CAA LM (SDBT) POR M;1.0;1.0;
;;;;;64202;NIVELAMENTO VÃO REDE NU > 2/0 CA/CAA LM (SDMT) POR M;1.0;1.0;
;;;;;62263;NIVELAMENTO VÃO REDE PROTEGIDO < 120MM LM (SDMT) POR M;1.0;1.0;
;;;;;60026;NIVELAMENTO VÃO REDE PROTEGIDO >= 120MM LM (SDMT) POR M;1.0;1.0;
;;;;;60109;ILUMINAÇÃO PÚBLICA CAIXA DE COMANDO (SDBT);1.0;1.0;
;;;;;60113;ILUMINAÇÃO PÚBLICA RELE FOTO CELULA;1.0;1.0;
;;;;;60108;LUMINÁRIA COMPLETA < 1,50 M (SDBT);1.0;1.0;
;;;;;60111;LUMINÁRIA COMPLETA > 1,50 M (SDBT);1.0;1.0;
;;;;;60153;RAMAL DE SERVIÇO SUBTERRÂNEO BT LM POR M;1.0;1.0;
;;;;;60085;RAMAL SERVIÇO CONCENTRICO <= 95MM² AEREO LM (SDBT) POR M;1.0;1.0;
;;;;;60087;RAMAL SERVIÇO MULTIPLEX <= 95MM² AEREO LM (SDBT) POR M;1.0;1.0;
;;;;;60034;RAMAL SERVIÇO MULTIPLEX > 95MM² AEREO LM (SDBT) POR M;1.0;1.0;
;;;;;64024;BANCO CAPACITOR LM (SDMT);1.0;1.0;
;;;;;66062;CÉLULA CAPACITIVA LM (SDMT);1.0;1.0;
;;;;;62158;MÓDULO DE CONTROLE P/ BANCO REGULADOR/RELIGADOR;1.0;1.0;
;;;;;60129;PARA-RAIO POLIMÉRICO LM (SDBT);1.0;1.0;
;;;;;62272;PARA-RAIO POLIMÉRICO LM (SDMT);1.0;1.0;
;;;;;60097;REGULADOR DE TENSÃO (SDBT);1.0;1.0;
;;;;;60152;REGULADOR DE TENSÃO (SDMT);1.0;1.0;
;;;;;60099;RELIGADOR 1F < 34,5 kA LM (SDMT);1.0;1.0;
;;;;;62301;RELIGADOR 3F < 34,5 kA LM (SDMT);1.0;1.0;
;;;;;62002;SINALIZADOR DE FALTA LM (SDMT);1.0;1.0;
;;;;;60700;TRANSFORMADOR DE POTENCIA (TP) DE REDE LM (SDMT);1.0;1.0;
;;;;;62181;TRANSFORMADOR DISTRIBUIÇÃO 1F <= 20 KVA;1.0;1.0;
;;;;;62003;TRANSFORMADOR DISTRIBUIÇÃO 1F > 20 KVA;1.0;1.0;
;;;;;62198;TRANSFORMADOR DISTRIBUIÇÃO 2F <= 20 KVA;1.0;1.0;
;;;;;68121;TRANSFORMADOR DISTRIBUIÇÃO 2F > 20 KVA;1.0;1.0;
;;;;;62193;TRANSFORMADOR DISTRIBUIÇÃO 3F <= 40 KVA;1.0;1.0;
;;;;;68125;TRANSFORMADOR DISTRIBUIÇÃO 3F > 112,5 KVA;1.0;1.0;
;;;;;62183;TRANSFORMADOR DISTRIBUIÇÃO 3F > 40 KVA E <= 112,5 KVA;1.0;1.0;
;;;;;64063;ABERTURA/FECHAMENTO REGULADOR DE TENSÃO / AUTOBOOSTER;1.0;1.0;
;;;;;64048;ABERTURA/FECHAMENTO RELIGADOR / CHAVE REMOTA / TELECOMANDA;1.0;1.0;
;;;;;66061;ABERTURA/FECHAMENTO RELIGADOR MONOFÁSICO;1.0;1.0;
;;;;;66170;AJUSTE TAP TRANSFORMADOR (SDMT);1.0;1.0;
;;;;;66042;BANDOLAGEM DE TRANSFORMADOR BIFÁSICO POR M;1.0;1.0;
;;;;;62010;BANDOLAGEM DE TRANSFORMADOR MONOFÁSICO POR M;1.0;1.0;
;;;;;62011;BANDOLAGEM DE TRANSFORMADOR TRIFÁSICO POR M;1.0;1.0;
;;;;;62322;BANDOLAGEM MECANIZADA DE TRANSFORMADOR;1.0;1.0;
;;;;;66047;BLOQUEIO/DESBLOQUEIO - RELIGADOR;1.0;1.0;
;;;;;60230;IÇAMENTO / DESCIDA MANUAL DE TRANSFORMADOR;1.0;1.0;
;;;;;62021;MEDIÇÃO DE GRANDEZAS ELÉTRICAS EM TRANSFORMADOR MONOFÁSICO/BIFÁSICO;1.0;1.0;
;;;;;62157;MEDIÇÃO DE GRANDEZAS ELÉTRICAS EM TRANSFORMADOR TRIFÁSICO;1.0;1.0;
;;;;;62174;PARA-RAIO PORCELANA LM (SDMT);1.0;1.0;
;;;;;64131;RESETAR EQUIPAMENTO;1.0;1.0;
;;;;;62006;TESTE DE TRANSFORMADOR;1.0;1.0;
;;;;;64097;CONECTOR AMPACTINHO;1.0;1.0;
;;;;;60052;CONECTOR CHAPA/CABO/ESTRANGULAR LM (SDBT);1.0;1.0;
;;;;;60055;CONECTOR CHAPA/CABO/ESTRANGULAR LM (SDMT);1.0;1.0;
;;;;;62152;CONECTOR CUNHA LM (SDMT);1.0;1.0;
;;;;;60049;CONECTOR PERFURANTE LE (SDBT);1.0;1.0;
;;;;;60054;CONECTOR PERFURANTE LM (SDBT);1.0;1.0;
;;;;;62162;CONECTOR PERFURANTE LM (SDMT);1.0;1.0;
;;;;;60040;ESTRIBO LM POR UN;1.0;1.0;
;;;;;64079;GLV LM POR UN;1.0;1.0;
;;;;;62001;JUMPER LM (SDBT) POR FASE;1.0;1.0;
;;;;;62018;JUMPER LM (SDMT) POR FASE;1.0;1.0;
;;;;;68017;ABERTURA JUMPER EM REDE COMPACTA LM (SDMT) POR FASE;1.0;1.0;
;;;;;62097;ABERTURA JUMPER EM REDE LE (SDBT) POR FASE;1.0;1.0;
;;;;;68007;ABERTURA JUMPER EM REDE LM (SDBT) POR FASE;1.0;1.0;
;;;;;68010;ABERTURA JUMPER EM REDE NUA LM (SDMT) POR FASE;1.0;1.0;
;;;;;64055;ABERTURA/FECHAMENTO GLV LM;1.0;1.0;
;;;;;62148;CONECTAR BYPASS LM (SDMT);1.0;1.0;
;;;;;60045;CONECTOR COMPRESSÃO LE (SDBT);1.0;1.0;
;;;;;60044;CONECTOR COMPRESSÃO LM (SDBT);1.0;1.0;
;;;;;62150;CONECTOR COMPRESSÃO LM (SDMT);1.0;1.0;
;;;;;62149;DESCONECTAR BYPASS LM (SDMT);1.0;1.0;
;;;;;62132;FECHAMENTO JUMPER EM REDE COMPACTA LM (SDMT) POR FASE;1.0;1.0;
;;;;;62106;FECHAMENTO JUMPER EM REDE LE (SDBT) POR FASE;1.0;1.0;
;;;;;62107;FECHAMENTO JUMPER EM REDE LM (SDBT) POR FASE;1.0;1.0;
;;;;;62108;FECHAMENTO JUMPER EM REDE NUA LM (SDMT) POR FASE;1.0;1.0;
;;;;;64072;RABICHO DE LIGAÇÃO LE (SDBT) POR UN;1.0;1.0;
;;;;;64073;RABICHO DE LIGAÇÃO LM (SDBT) POR UN;1.0;1.0;
;;;;;60005;ATERRAMENTO 1 HASTE;1.0;1.0;
;;;;;60006;ATERRAMENTO 3 HASTES;1.0;1.0;
;;;;;68001;ATERRAMENTO DE CERCA;1.0;1.0;
;;;;;68026;ATERRAMENTO HASTE ADICIONAL;1.0;1.0;
;;;;;64007;MEDIÇÃO DE ATERRAMENTO;1.0;1.0;
;;;;;68033;SECCIONAMENTO CERCA POR FIO;1.0;1.0;
;;;;;62032;CARTUCHO CHAVE FUSÍVEL/LAMINA LE;1.0;1.0;
;;;;;62033;CARTUCHO CHAVE FUSÍVEL/LAMINA LM;1.0;1.0;
;;;;;64150;CHAVE BYPASS MANUAL <= 34,5 kV LM (SDMT) POR FASE;1.0;1.0;
;;;;;62069;CHAVE FACA < 34,5 kV LM (SDMT) POR FASE;1.0;1.0;
;;;;;60139;CHAVE FUSIVEL <= 34,5 kV LM (SDMT) POR FASE;1.0;1.0;
;;;;;62013;CHAVE FUSIVEL RELIGADORA <= 34,5 kV LM (SDMT) POR FASE;1.0;1.0;
;;;;;62077;CHAVE SECCIONALIZADORA LM (SDMT);1.0;1.0;
;;;;;64099;SUPORTE TIPO L / T LM (SDMT);1.0;1.0;
;;;;;64037;ABERTURA/FECHAMENTO CHAVE BY PASS POR FASE;1.0;1.0;
;;;;;62066;ABERTURA/FECHAMENTO CHAVE FACA POR FASE;1.0;1.0;
;;;;;62067;ABERTURA/FECHAMENTO CHAVE FUSIVEL POR FASE;1.0;1.0;
;;;;;64045;ABERTURA/FECHAMENTO CHAVE FUSIVEL RELIGADORA POR FASE;1.0;1.0;
;;;;;64090;CHAVE ÓLEO <= 34,5 kV LM (SDMT) POR FASE;1.0;1.0;
;;;;;64053;REGULAGEM CHAVE FUSÍVEL/ FACA LM POR UN;1.0;1.0;
;;;;;62321;CONEXÃO/ DESCONEXÃO GERADOR DE BT LE;1.0;1.0;
;;;;;60037;CONEXÃO/ DESCONEXÃO GERADOR DE BT LM;1.0;1.0;
;;;;;62034;CONEXÃO/ DESCONEXÃO GERADOR DE MT LM;1.0;1.0;
;;;;;62074;DESENROLAR BIG JUMPER <= 150 METROS;1.0;1.0;
;;;;;62046;DESENROLAR BIG JUMPER > 150 METROS;1.0;1.0;
;;;;;62060;ENROLAR BIG JUMPER <= 150m;1.0;1.0;
;;;;;64009;ENROLAR BIG JUMPER > 150m;1.0;1.0;
;;;;;62320;INSPEÇÃO DE TRANFORMADOR DE CORRENTE E POTENCIA (TP/TC) (SDMT);1.0;1.0;
;;;;;64028;INSPEÇÃO INSTRUMENTAL EQUIPAMENTO (SDMT);1.0;1.0;
;;;;;62233;INSPEÇÃO INSTRUMENTAL ESTRUTURA (SDMT);1.0;1.0;
;;;;;68030;INSPEÇÃO REGULADOR TENSÃO (SDMT);1.0;1.0;
;;;;;60142;INSPEÇÃO VISUAL EQUIPAMENTO (SDMT);1.0;1.0;
;;;;;62053;INSPEÇÃO VISUAL ESTRUTURA (SDMT);1.0;1.0;
;;;;;66021;INSPEÇÃO VISUAL RDR EMERGENCIAL POR KM;1.0;1.0;
;;;;;66023;INSPEÇÃO VISUAL RDR MANUT PREVENTIVA POR KM;1.0;1.0;
;;;;;66019;INSPEÇÃO VISUAL RDU MANUT PREVENTIVA POR KM;1.0;1.0;
;;;;;64041;CONJUNTO DE PROTEÇÃO SECUNDÁRIA 3F;1.0;1.0;
;;;;;60023;CONJUNTO DE PROTEÇÃO SECUNDÁRIA 1F;1.0;1.0;
;;;;;66046;DISJUNTOR PARA PROTEÇÃO SECUNDARIA 3F;1.0;1.0;
;;;;;66003;DISJUNTOR PARA PROTEÇÃO SECUNDARIA 1F;1.0;1.0;
;;;;;60059;ESPAÇADOR VERTICAL LE (SDBT);1.0;1.0;
;;;;;60058;ESPAÇADOR VERTICAL LM (SDBT);1.0;1.0;
;;;;;60320;ESTRUTURA DE SUSTENTAÇÃO EQUIPAMENTO;1.0;1.0;
;;;;;60330;ESTRUTURA DE SUSTENTAÇÃO EQUIPAMENTO (BANCADA);1.0;1.0;
;;;;;60017;MUFLA;1.0;1.0;
;;;;;68000;MUFLA;1.0;1.0;
;;;;;62104;OBJETO ESTRANHO NA ESTRUTURA LM;1.0;1.0;
;;;;;64075;OBJETO ESTRANHO NA REDE LM;1.0;1.0;
;;;;;62177;REPARO CALCADA COMUM;1.0;1.0;
;;;;;68050;REPARO CALCADA ESPECIAL;1.0;1.0;
;;;;;60126;MEDIDOR 1F;1.0;1.0;
;;;;;60128;MEDIDOR 3F;1.0;1.0;
;;;;;64011;PADRÃO MONOFÁSICO;1.0;1.0;
;;;;;62179;SELAR CAIXA MEDIDOR;1.0;1.0;
;;;;;64135;CAIXA POLICARBONATO REDE (CP REDE);1.0;1.0;
;;;;;60027;SISTEMA DE MEDIÇÃO CENTRALIZADA - SMC;1.0;1.0;
;;;;;62312;KIT PADRÃO COM POSTE AUXILIAR;1.0;1.0;
;;;;;62054;KIT INTERNO;1.0;1.0;
;;;;;68031;BALANCEAMENTO/ INVERSÃO DE FASES POR UN;1.0;1.0;
;;;;;60270;MEDIÇÃO ENCAPSULADO;1.0;1.0;
;;;;;62314;ESTAI ÂNCORA LM (SDMT);1.0;1.0;
;;;;;62250;ESTAI CRUZETA A CRUZETA LM (SDMT);1.0;1.0;
;;;;;62175;ESTAI CRUZETA A POSTE LM (SDMT);1.0;1.0;
;;;;;62298;ESTAI POSTE A POSTE LM (SDMT);1.0;1.0;
;;;;;60050;MANUTENÇÃO ESTAI LM (SDMT);1.0;1.0;
;;;;;60240;INSPEÇÃO TÉCNICA EM REDE DE TELECOM/INTERNET;1.0;1.0;
;;;;;62080;MOVIMENTAÇÃO CABOS TELECOM/USO MUTUO POR POSTE;1.0;1.0;
;;;;;60029;RETENCIONAMENTO CABOS TELECOM/USO MUTUO POR POSTE;1.0;1.0;
;;;;;62311;POSTE DE CONCRETO <= 13M LV;1.0;1.0;
;;;;;62309;POSTE DE CONCRETO > 13M LV;1.0;1.0;
;;;;;60064;POSTE DE FIBRA DE VIDRO <= 13M LV;1.0;1.0;
;;;;;66006;BANCO CAPACITOR LV (SDMT);1.0;1.0;
;;;;;62029;CÉLULA CAPACITIVA LV (SDMT);1.0;1.0;
;;;;;62252;PARA-RAIO POLIMÉRICO LV (SDMT);1.0;1.0;
;;;;;62081;RELIGADOR 1F < 34,5 kA LV (SDMT);1.0;1.0;
;;;;;62303;RELIGADOR 3F < 34,5 kA LV (SDMT);1.0;1.0;
;;;;;60600;SINALIZADOR DE FALTA LV (SDMT);1.0;1.0;
;;;;;64017;TRANSFORMADOR DE POTENCIA (TP) DE REDE LV (SDMT);1.0;1.0;
;;;;;62278;PARA-RAIO PORCELANA LV (SDMT);1.0;1.0;
;;;;;62031;CARTUCHO CHAVE FUSÍVEL/LAMINA LV;1.0;1.0;
;;;;;64047;CHAVE BYPASS MANUAL <= 34,5 kV LV (SDMT) POR FASE;1.0;1.0;
;;;;;62214;CHAVE FACA <= 34,5 kV LV (SDMT) POR FASE;1.0;1.0;
;;;;;60140;CHAVE FUSIVEL <= 34,5 kV LV (SDMT) POR FASE;1.0;1.0;
;;;;;64088;CHAVE FUSIVEL RELIGADORA <= 34,5 kV LV (SDMT) POR FASE;1.0;1.0;
;;;;;62059;CHAVE SECCIONALIZADORA LV (SDMT);1.0;1.0;
;;;;;62063;LUBRIFICAÇÃO DE CHAVE LV;1.0;1.0;
;;;;;64044;REGULAGEM CHAVE FUSÍVEL/ FACA LV POR UN;1.0;1.0;
;;;;;68049;COBERTURA PROTETORA LV (SDMT) POR FASE;1.0;1.0;
;;;;;60310;CONJUNTO DE ELEVAÇÃO/SUSPENSÃO;1.0;1.0;
;;;;;64199;CRUZETA LIMPA CONCRETO 1N/1M/1B LV;1.0;1.0;
;;;;;64203;CRUZETA LIMPA CONCRETO 2N/2M/2B LV;1.0;1.0;
;;;;;64205;CRUZETA LIMPA POLIMÉRICA/MADEIRA 1N/1M/1B/1BE LV;1.0;1.0;
;;;;;64207;CRUZETA LIMPA POLIMÉRICA/MADEIRA 2N/2M/2B/2BE LV;1.0;1.0;
;;;;;60061;ESTRUTURA B1/M1/N1/T1 CONCRETO LV (SDMT);1.0;1.0;
;;;;;60063;ESTRUTURA B1/M1/N1/T1 POLIMÉRICA/MADEIRA LV (SDMT);1.0;1.0;
;;;;;60065;ESTRUTURA B1E POLIMÉRICA/MADEIRA/METÁLICA 3M LV (SDMT);1.0;1.0;
;;;;;60070;ESTRUTURA B2/ME2/N2/T2 CONCRETO LV (SDMT);1.0;1.0;
;;;;;60075;ESTRUTURA B2/ME2/N2/T2 POLIMÉRICA/MADEIRA LV (SDMT);1.0;1.0;
;;;;;60078;ESTRUTURA B2E POLIMÉRICA/MADEIRA/METÁLICA 3M LV (SDMT);1.0;1.0;
;;;;;60082;ESTRUTURA B3/M3/N3/T3 CONCRETO LV (SDMT);1.0;1.0;
;;;;;60086;ESTRUTURA B3/M3/N3/T3 POLIMÉRICA/MADEIRA LV (SDMT);1.0;1.0;
;;;;;60094;ESTRUTURA B3E POLIMÉRICA/MADEIRA/METÁLICA 3M LV (SDMT);1.0;1.0;
;;;;;60098;ESTRUTURA B4/M4/N4/T4 CONCRETO LV (SDMT);1.0;1.0;
;;;;;60102;ESTRUTURA B4/M4/N4/T4 POLIMÉRICA/MADEIRA LV (SDMT);1.0;1.0;
;;;;;60106;ESTRUTURA B4E POLIMÉRICA/MADEIRA/METÁLICA 3M LV (SDMT);1.0;1.0;
;;;;;62185;ESTRUTURA CE1 LV (SDMT);1.0;1.0;
;;;;;62216;ESTRUTURA CE1A LV (SDMT);1.0;1.0;
;;;;;62187;ESTRUTURA CE2/ CE2H LV (SDMT);1.0;1.0;
;;;;;62189;ESTRUTURA CE2-3 LV (SDMT);1.0;1.0;
;;;;;62191;ESTRUTURA CE3 LV (SDMT);1.0;1.0;
;;;;;62134;ESTRUTURA CE3U LV (SDMT);1.0;1.0;
;;;;;62196;ESTRUTURA CE4 LV (SDMT);1.0;1.0;
;;;;;62201;ESTRUTURA CEJ1 LV (SDMT);1.0;1.0;
;;;;;62203;ESTRUTURA CEJ2 LV (SDMT);1.0;1.0;
;;;;;60220;ESTRUTURA HT LV(SDMT);1.0;1.0;
;;;;;62208;ESTRUTURA HTE LV(SDMT);1.0;1.0;
;;;;;64215;ESTRUTURA HTTE LV (SDMT);1.0;1.0;
;;;;;62215;ESTRUTURA TE CONCRETO LV (SDMT);1.0;1.0;
;;;;;62219;ESTRUTURA TE POLIMÉRICA/MADEIRA LV (SDMT);1.0;1.0;
;;;;;62241;ESTRUTURA U1 LV (SDMT);1.0;1.0;
;;;;;62243;ESTRUTURA U2 LV (SDMT);1.0;1.0;
;;;;;62245;ESTRUTURA U3 LV (SDMT);1.0;1.0;
;;;;;62248;ESTRUTURA U4 LV (SDMT);1.0;1.0;
;;;;;60039;ISOLADOR BASTÃO POLIMERICO <= 34,5kV LV (SDMT);1.0;1.0;
;;;;;62035;ISOLADOR DE DISCO LV;1.0;1.0;
;;;;;62092;ISOLADOR PILAR PORCELANA <= 34,5kV LV (SDMT);1.0;1.0;
;;;;;62042;ISOLADOR PINO POLIMERICO <= 34,5kV LV (SDMT);1.0;1.0;
;;;;;62161;PINO COM ISOLADOR HITOP PORCELANA/VIDRO LV (SDMT);1.0;1.0;
;;;;;64101;SUPORTE TIPO L / T LV (SDMT);1.0;1.0;
;;;;;60090;ESTRUTURA B32/M32/N32/T32 POLIMÉRICA/MADEIRA/CONCRETO LV (SDMT);1.0;1.0;
;;;;;64241;NIVELAMENTO DE CRUZETA LV;1.0;1.0;
;;;;;64085;AMARRAÇÃO CONDUTOR NO ISOLADOR LV (SDMT);1.0;1.0;
;;;;;62249;CONDUTOR NU <= 2/0 AEREO LV (SDMT) POR M;1.0;1.0;
;;;;;60157;CONDUTOR NU > 2/0 AEREO LV (SDMT) POR M;1.0;1.0;
;;;;;62024;CONDUTOR PROTEGIDO/ISOLADO <= 95MM² AEREO LV (SDMT) POR M;1.0;1.0;
;;;;;62048;CONDUTOR PROTEGIDO/ISOLADO > 95MM² AEREO LV (SDMT) POR M;1.0;1.0;
;;;;;62171;ESPAÇADOR HORIZONTAL LV (SDMT);1.0;1.0;
;;;;;64074;ESPAÇADOR LOSANGULAR LV (SDMT);1.0;1.0;
;;;;;64151;FLYING-TAP REDE NU LV (SDMT);1.0;1.0;
;;;;;64105;FLYING-TAP REDE PROTEGIDA LV (SDMT);1.0;1.0;
;;;;;62154;CONECTAR BYPASS LV (SDMT);1.0;1.0;
;;;;;62155;DESCONECTAR BYPASS LV (SDMT);1.0;1.0;
;;;;;62076;EMENDA AUTOMÁTICA REDE NU LV (SDMT);1.0;1.0;
;;;;;62100;EMENDA COMPRESSÃO REDE NU LV (SDMT);1.0;1.0;
;;;;;62101;EMENDA COMPRESSÃO REDE PROTEGIDO LV (SDMT);1.0;1.0;
;;;;;62103;EMENDA PREFORMADA REDE NU LV (SDMT);1.0;1.0;
;;;;;62000;NIVELAMENTO VÃO REDE NU <= 2/0 CA/CAA LV (SDMT) POR M;1.0;1.0;
;;;;;62113;NIVELAMENTO VÃO REDE NU > 2/0 CA/CAA LV (SDMT) POR M;1.0;1.0;
;;;;;62116;NIVELAMENTO VÃO REDE PROTEGIDO < 120MM LV (SDMT) POR M;1.0;1.0;
;;;;;60172;NIVELAMENTO VÃO REDE PROTEGIDO >= 120MM LV (SDMT) POR M;1.0;1.0;
;;;;;60042;CONECTOR CHAPA/CABO/ESTRANGULAR LV (SDMT);1.0;1.0;
;;;;;68009;CONECTOR CUNHA LV (SDMT);1.0;1.0;
;;;;;62156;CONECTOR PERFURANTE LV (SDMT);1.0;1.0;
;;;;;60041;ESTRIBO LV POR UN;1.0;1.0;
;;;;;64081;GLV LV POR UN;1.0;1.0;
;;;;;62086;JUMPER LV (SDMT) POR FASE;1.0;1.0;
;;;;;62096;ABERTURA JUMPER EM REDE COMPACTA LV (SDMT) POR FASE;1.0;1.0;
;;;;;62098;ABERTURA JUMPER EM REDE NUA LV POR FASE;1.0;1.0;
;;;;;68008;CONECTOR COMPRESSÃO LV (SDMT);1.0;1.0;
;;;;;62105;FECHAMENTO JUMPER EM REDE COMPACTA LV (SDMT) POR FASE;1.0;1.0;
;;;;;62109;FECHAMENTO JUMPER EM REDE NUA LV (SDMT) POR FASE;1.0;1.0;
;;;;;62284;ESTAI CRUZETA A CRUZETA LV (SDMT);1.0;1.0;
;;;;;62296;ESTAI CRUZETA A POSTE LV (SDMT);1.0;1.0;
;;;;;62310;ESTAI POSTE A POSTE LV (SDMT);1.0;1.0;
;;;;;62027;MANUTENÇÃO ESTAI LV (SDMT);1.0;1.0;
;;;;;62285;PODA LV EM ÁREA AGRUPADA;1.0;1.0;
;;;;;62286;PODA LV EM ÁREA ISOLADA;1.0;1.0;
;;;;;60008;CONECTAR BIG JUMPER;1.0;1.0;
;;;;;68014;CONEXÃO/ DESCONEXÃO GERADOR DE MT LV;1.0;1.0;
;;;;;60025;DESCONECTAR BIG JUMPER;1.0;1.0;
;;;;;62008;OBJETO ESTRANHO NA ESTRUTURA LV;1.0;1.0;
;;;;;64161;OBJETO ESTRANHO NA REDE LV;1.0;1.0;
;;;;;62210;VERIFICAR SEQUENCIA DE FASES (SDMT);1.0;1.0;
;;;;;1015;Poste Limpo (sem mat. ou equip.) 12 >=P<= 600;1.0;1.0;
;;;;;1015;POSTE CONCRETO DUPLO T 9/600;1.0;1.0;
;;;;;1016;POSTE DUPLO T CONCR 9M 800DAN 310X410MM 130X168MM;1.0;1.0;
;;;;;1015;DT 10/150;1.0;1.0;
;;;;;1016;POSTE DE CONCRETO DT 11/800;1.0;1.0;
;;;;;1016;POSTE DUPLO T CONCR 12M 800DAN 370X504MM 130X168MM;1.0;1.0;
;;;;;1017;POSTE DT CONCR TIPO B 13M 400DAN;1.0;1.0;
;;;;;1017;Poste Limpo (sem mat. ou equip.) 12=600;1.0;1.0;
;;;;;1016;Poste Limpo (sem mat. ou equip.) 12 >=P> 600;1.0;1.0;
;;;;;1174;Armação Secundária de 1 Estribo;1.0;1.0;
;;;;;1175;Armação Secundária de 2 Estribo;1.0;1.0;
;;;;;1006;Cava para poste ou estai.;1.0;1.0;
;;;;;1103;Condutores de alumínio, por 100Kg.;1.0;1.0;
;;;;;1118;Conexão Tipo com Cunha, por peça.;1.0;1.0;
;;;;;1119;Conexão Tipo compressão, por peça.;1.0;1.0;
;;;;;1009;Concretar base simples;1.0;1.0;
;;;;;1083;Elo Fusível (peça).;1.0;1.0;
;;;;;1186;Espaçador em rede protegida - Losangular;1.0;1.0;
;;;;;1080;Chave-faca (peça).;1.0;1.0;
;;;;;1082;Chave-fusível (peça).;1.0;1.0;
;;;;;1227;Chave Fusível Religadora;1.0;1.0;
;;;;;1120;Conexão Tipo de aperto, por peça.;1.0;1.0;
;;;;;1113;Retensionamento e Nivelamento Cabo Multiplex ,por metro;1.0;1.0;
;;;;;9094;INST ESTRUT SUPORTE EQUIPAMENTO;1.0;1.0;
;;;;;1071;Trafo Monofasico;1.0;1.0;
;;;;;1205;Desmatamento de faixa e aceiro dos postes em 1Km de faixa de LDR;1.0;1.0;
;;;;;1122;Flying-tap primário ou secundário.;1.0;1.0;
;;;;;1138;Luminaria Pública com Braço.;1.0;1.0;
;;;;;62185;ESTRUTURA CE1 LV (SDMT);1.0;1.0;
;;;;;62216;ESTRUTURA CE1A LV (SDMT);1.0;1.0;
;;;;;62187;ESTRUTURA CE2/ CE2H LV (SDMT);1.0;1.0;
;;;;;62191;ESTRUTURA CE3 LV (SDMT);1.0;1.0;
;;;;;62196;ESTRUTURA CE4 LV (SDMT);1.0;1.0;
;;;;;62214;CHAVE FACA <= 34,5 kV LV (SDMT) POR FASE;1.0;1.0;
;;;;;64081;GLV LV POR UN;1.0;1.0;
;;;;;60061;ESTRUTURA B1/M1/N1/T1 CONCRETO LV (SDMT);1.0;1.0;
;;;;;60070;ESTRUTURA B2/ME2/N2/T2 CONCRETO LV (SDMT);1.0;1.0;
;;;;;60082;ESTRUTURA B3/M3/N3/T3 CONCRETO LV (SDMT);1.0;1.0;
;;;;;60098;ESTRUTURA B4/M4/N4/T4 CONCRETO LV (SDMT);1.0;1.0;
;;;;;68049;COBERTURA PROTETORA LV (SDMT) POR FASE;1.0;1.0;
;;;;;62241;ESTRUTURA U1 LV (SDMT);1.0;1.0;
;;;;;62243;ESTRUTURA U2 LV (SDMT);1.0;1.0;
;;;;;62245;ESTRUTURA U3 LV (SDMT);1.0;1.0;
;;;;;62248;ESTRUTURA U4 LV (SDMT);1.0;1.0;
;;;;;1084;Pára-raios (peça).;1.0;1.0;
;;;;;1208;Poda de Arvore em RDU - por unidade.;1.0;1.0;
;;;;;1117;Conexão Tipo ampactinho, por peça.;1.0;1.0;
;;;;;1166;Ramal de serviço Multiplex.;1.0;1.0;
;;;;;1114;Retensionamento e nivelamento, por metro.;1.0;1.0;
;;;;;1126;Aterramento completo com uma haste.;1.0;1.0;
;;;;;1125;Aterramento completo com três hastes.;1.0;1.0;
;;;;;1089;Amarração de condutor no isolador.;1.0;1.0;
;;;;;1030;Tipo N1/M1/B1.;1.0;1.0;
;;;;;1031;Tipo N2/N3/M2/M3/B2/B3.;1.0;1.0;
;;;;;1032;Tipo N4/M4/B4/TE.;1.0;1.0;
;;;;;1104;Condutores de Aluminio, Protegido, por metro;1.0;1.0;
;;;;;1102;Condutor multiplex, por metro.;1.0;1.0;
;;;;;1022;Compacta CE1;1.0;1.0;
;;;;;1023;Compacta CE1A;1.0;1.0;
;;;;;1024;Compacta CE2;1.0;1.0;
;;;;;1027;Compacta CE4;1.0;1.0;
;;;;;1107;Cordoalha de Aço Zincado por 100kg.;1.0;1.0;
;;;;;1026;Compacta CE3;1.0;1.0;
;;;;;1065;Tipo U1.;1.0;1.0;
;;;;;1066;Tipo U2.;1.0;1.0;
;;;;;1067;Tipo U3.;1.0;1.0;
;;;;;1068;Tipo U4.;1.0;1.0;
;;;;;1129;Aterramento e seccionamento de cerca.;1.0;1.0;
;;;;;1073;Trafo Monofásico com pára-raios e sem chaves.;1.0;1.0;
;;;;;1070;Trafo trifasico com pára-raios e sem chave.;1.0;1.0;
;;;;;1046;Estrutura Secundária 10 e 30;1.0;1.0;
;;;;;1072;Trafo Monofásico com chaves e pára-raios;1.0;1.0;
;;;;;1074;Trafo Trifasico;1.0;1.0;
;;;;;1069;Trafo trifasico com chaves e pára-raios.;1.0;1.0;
;;;;;60128;MEDIDOR 3F;1.0;1.0;
;;;;;60127;MEDIDOR 2F;1.0;1.0;
;;;;;60126;MEDIDOR 1F;1.0;1.0;
